N,P,K,temperature,humidity,ph,rainfall,label,yield
99.17,18.62,45.72,27.82,91.1,6.99,25.76,muskmelon,85.82
102.01,48.89,51.55,23.03,91.58,6.6,43.98,watermelon,127.05
51.9,60.7,57.71,33.72,89.83,6.57,137.78,papaya,138.74
50.88,63.11,58.17,32.2,89.27,6.93,149.89,papaya,146.88
19.97,118.1,197.84,21.35,91.34,6.52,120.77,apple,59.47
20.43,24.36,31.03,34.7,42.74,6.57,94.58,mango,59.3
21.99,139.66,205.0,19.61,92.32,6.49,104.8,apple,73.15
23.59,47.03,15.29,29.36,44.09,6.97,38.64,mothbeans,21.51
27.65,52.01,21.05,26.3,82.31,6.85,49.89,mungbean,25.92
17.31,69.7,18.32,25.72,62.28,6.89,46.39,lentil,27.94
40.18,66.18,19.62,29.0,57.46,7.15,75.42,blackgram,25.75
18.88,18.04,33.51,26.75,93.68,5.46,142.67,coconut,78.78
19.69,22.62,32.95,21.94,85.68,6.77,108.82,pomegranate,29.96
78.71,53.65,44.1,26.52,76.01,6.97,144.76,jute,47.22
23.32,15.36,28.78,29.42,96.69,5.52,144.45,coconut,82.39
18.83,12.79,39.77,16.76,88.55,6.71,106.07,pomegranate,32.64
18.19,135.88,205.0,22.04,89.1,5.73,102.17,apple,62.55
83.94,51.8,22.55,19.79,63.45,6.91,79.75,maize,63.16
52.69,70.56,53.78,36.37,95.08,6.46,147.27,papaya,135.16
94.25,17.71,44.19,27.16,88.02,6.63,27.04,muskmelon,97.17
98.27,32.1,30.64,22.64,58.96,7.12,142.7,coffee,21.8
50.81,63.73,50.42,27.18,94.77,6.92,139.51,papaya,143.17
25.44,18.46,12.39,22.7,99.88,6.99,119.41,orange,60.35
46.72,53.12,57.93,31.65,89.57,7.16,126.52,papaya,126.98
41.3,70.39,89.65,20.52,14.0,7.96,88.11,chickpea,31.06
78.55,46.1,35.52,21.27,83.55,6.75,149.53,jute,48.48
15.81,42.89,14.61,28.5,85.75,7.04,53.27,mungbean,24.9
19.09,13.88,8.0,22.66,92.11,7.36,116.02,orange,62.0
19.01,62.92,24.59,25.61,61.43,5.93,116.06,pigeonpeas,27.36
77.25,44.99,42.72,23.94,76.72,6.04,257.88,rice,51.28
18.42,16.02,37.48,24.45,89.48,6.86,97.0,pomegranate,27.76
19.54,47.2,17.43,27.61,55.7,7.16,56.49,mothbeans,23.4
79.95,50.87,42.4,22.21,80.73,6.52,156.47,jute,50.46
21.96,69.35,16.91,25.37,64.52,6.88,52.06,lentil,24.67
81.7,49.56,28.72,22.62,72.66,6.01,182.32,jute,46.86
41.33,68.49,14.8,27.0,64.19,6.83,73.06,blackgram,23.9
73.46,41.74,44.81,23.36,76.84,6.47,194.0,jute,46.82
38.71,60.4,87.37,17.22,14.74,8.14,62.14,chickpea,30.37
41.35,69.56,85.0,16.81,14.0,6.8,60.48,chickpea,31.01
16.1,81.75,18.19,20.29,20.68,5.53,110.83,kidneybeans,29.88
53.33,58.74,59.86,32.86,90.14,6.46,133.06,papaya,141.61
19.21,25.67,28.27,34.22,54.46,6.12,98.23,mango,75.43
37.31,71.27,17.11,33.11,67.99,6.47,64.69,blackgram,24.71
81.29,47.8,18.6,23.19,61.32,5.78,70.65,maize,61.16
20.44,45.82,19.94,26.47,78.32,6.5,46.39,mungbean,25.03
81.41,47.98,21.15,20.02,61.07,6.37,87.7,maize,69.41
22.21,65.19,18.35,27.87,52.46,6.21,130.03,pigeonpeas,25.15
22.72,20.08,30.68,29.52,94.67,5.95,151.37,coconut,76.52
89.06,17.29,42.45,31.21,90.11,6.43,33.19,muskmelon,97.66
75.8,49.1,20.59,22.43,61.54,6.41,91.67,maize,66.9
28.67,67.1,14.52,29.0,76.01,7.09,81.33,blackgram,25.54
102.64,25.6,28.73,24.0,53.83,6.62,126.11,coffee,22.4
24.17,134.27,187.72,24.4,76.53,6.26,65.1,grapes,102.55
21.88,52.4,20.47,24.84,82.43,6.62,44.44,mungbean,23.47
104.97,27.44,27.34,27.4,51.33,7.24,153.55,coffee,22.58
22.05,62.66,18.03,19.85,25.87,5.32,125.82,kidneybeans,29.85
119.46,38.76,19.41,26.85,82.73,7.5,77.38,cotton,39.46
19.7,125.13,201.03,20.34,90.06,5.61,110.59,apple,69.29
106.28,93.0,47.11,28.42,82.96,6.45,118.76,banana,171.44
37.57,65.08,27.78,27.8,65.01,7.13,73.37,blackgram,25.46
101.74,63.36,48.69,26.5,85.81,6.29,45.02,watermelon,125.82
16.04,15.04,27.9,22.23,95.9,6.87,157.72,coconut,76.14
22.43,68.72,26.1,23.84,57.59,7.92,40.02,lentil,24.93
20.59,15.44,10.56,20.06,90.58,6.91,120.04,orange,62.68
45.65,63.09,47.09,31.13,90.0,5.92,136.09,papaya,135.68
22.7,75.81,19.33,28.0,42.25,5.97,158.82,pigeonpeas,28.44
18.95,19.71,12.47,19.99,96.32,7.14,114.36,orange,64.32
80.78,43.46,43.6,20.43,78.89,6.29,242.52,rice,53.04
95.41,15.23,52.19,25.71,90.23,6.73,20.0,muskmelon,104.2
24.11,59.26,21.28,25.07,39.11,5.14,148.33,pigeonpeas,25.43
88.39,17.11,46.42,28.84,93.46,6.65,25.17,muskmelon,95.34
18.17,11.37,35.54,27.2,91.13,6.59,174.88,coconut,75.25
86.37,53.18,36.92,23.44,73.91,6.86,200.88,jute,47.97
95.97,77.93,56.18,26.04,84.66,5.72,95.85,banana,188.95
37.76,62.04,15.41,30.54,71.09,7.08,58.61,blackgram,25.83
54.82,66.56,50.12,31.49,95.26,7.24,120.25,papaya,123.5
101.23,88.73,51.89,26.59,77.69,6.06,115.83,banana,178.32
110.86,44.24,13.33,25.59,81.78,7.15,64.55,cotton,39.3
97.21,51.14,44.05,23.0,82.26,6.34,54.46,watermelon,114.58
20.49,20.04,11.61,24.11,92.35,6.06,99.04,orange,57.42
94.57,33.3,25.19,24.39,54.08,6.9,156.68,coffee,22.99
43.94,69.51,73.8,17.94,15.96,6.97,59.7,chickpea,28.29
88.39,48.36,40.04,24.44,86.1,6.31,228.57,rice,57.4
22.38,48.34,20.63,27.5,58.75,7.25,51.36,mothbeans,22.45
20.29,16.29,6.52,25.49,93.33,7.93,86.54,orange,65.38
16.63,26.94,33.65,28.98,59.77,5.87,83.89,mango,71.24
103.84,33.34,24.05,25.93,66.61,6.41,126.19,coffee,23.51
21.62,47.13,23.11,29.43,54.44,6.78,68.24,mothbeans,23.58
43.04,58.15,21.16,29.99,65.55,7.34,61.95,blackgram,25.99
20.31,19.19,38.59,18.14,86.5,6.12,111.79,pomegranate,26.46
82.69,49.84,24.2,24.0,65.63,5.67,72.44,maize,71.95
19.11,53.43,11.44,29.46,51.08,7.01,54.91,mothbeans,22.42
135.05,38.3,18.75,25.24,89.05,7.07,80.85,cotton,38.92
56.79,57.2,45.72,33.83,89.39,6.74,145.88,papaya,128.93
24.51,64.18,18.45,24.41,44.75,5.58,157.04,pigeonpeas,24.12
18.91,45.96,15.46,28.35,54.43,6.51,46.39,mothbeans,22.52
17.25,59.07,17.28,23.51,18.81,6.18,88.54,kidneybeans,32.84
107.57,31.09,31.18,28.58,64.59,6.56,188.78,coffee,24.88
39.38,57.48,18.2,26.8,69.82,6.96,81.7,blackgram,25.25
18.92,70.46,19.56,24.06,68.48,6.76,55.47,lentil,26.87
22.06,15.1,33.66,28.01,95.06,7.03,177.49,coconut,74.67
81.17,43.44,45.77,23.04,81.17,6.41,260.92,rice,56.16
22.36,12.31,10.08,23.18,87.49,7.47,108.57,orange,65.43
104.96,21.27,53.05,29.02,89.93,6.89,20.0,muskmelon,101.59
91.59,61.52,51.68,23.12,90.18,6.82,46.3,watermelon,128.34
19.19,63.94,16.43,22.05,16.98,5.83,127.65,kidneybeans,33.89
100.68,55.15,54.36,24.01,86.89,6.81,53.64,watermelon,123.34
91.6,85.62,49.56,27.79,85.07,6.48,111.13,banana,166.9
16.85,67.98,18.18,28.01,42.14,6.2,143.0,pigeonpeas,28.97
21.22,50.28,17.62,29.89,47.03,7.42,47.25,mothbeans,23.29
99.74,67.62,30.82,29.91,80.94,6.9,100.39,banana,218.64
73.92,50.12,41.67,23.31,80.49,6.34,189.88,jute,48.61
119.67,41.56,20.27,23.62,79.94,6.96,62.25,cotton,40.23
21.36,22.1,39.28,21.51,93.4,5.77,101.17,pomegranate,32.83
21.81,64.4,18.57,25.94,51.04,5.57,141.13,pigeonpeas,27.38
42.35,57.62,82.28,19.6,17.31,6.66,90.39,chickpea,26.79
73.53,58.82,18.39,25.83,73.75,6.24,81.99,maize,75.46
21.58,15.31,31.79,27.1,89.85,6.34,157.07,coconut,83.15
14.88,26.83,40.16,23.52,94.29,7.12,104.68,pomegranate,31.06
85.02,54.59,34.28,23.02,84.27,6.0,266.08,rice,59.55
20.24,69.53,23.46,25.37,54.96,4.97,126.01,pigeonpeas,26.58
20.67,134.59,204.48,23.49,87.27,6.15,71.33,grapes,105.3
32.88,75.61,19.81,29.32,67.0,7.16,67.68,blackgram,26.13
22.48,11.16,33.63,27.87,92.88,5.85,175.69,coconut,78.9
39.9,66.58,88.69,15.24,18.4,7.16,66.22,chickpea,27.99
34.93,58.26,12.2,29.87,66.32,7.09,82.49,blackgram,26.44
25.34,18.7,29.37,26.92,95.51,5.87,185.03,coconut,78.3
77.83,50.2,18.55,21.51,60.98,6.07,82.99,maize,65.75
102.87,86.54,45.68,28.62,88.86,5.0,110.08,banana,214.02
20.74,43.84,14.59,27.33,41.91,6.54,50.15,mothbeans,21.95
92.39,81.92,52.25,30.28,76.52,5.49,119.29,banana,202.61
17.85,68.95,23.09,19.7,21.88,6.31,95.59,kidneybeans,30.46
12.77,19.37,36.91,19.67,91.22,6.2,105.07,pomegranate,30.97
40.1,66.48,78.23,18.62,14.0,7.37,74.06,chickpea,30.75
21.45,16.42,26.53,26.71,88.9,5.9,191.71,coconut,80.99
18.16,17.06,7.38,20.79,93.55,7.12,122.72,orange,57.38
21.35,67.0,26.14,25.93,46.92,5.82,161.16,pigeonpeas,26.38
107.57,79.21,56.69,24.34,74.75,5.9,107.22,banana,210.42
94.42,62.55,48.42,27.2,78.71,5.97,91.51,banana,186.02
18.02,125.01,205.0,20.61,90.41,6.14,117.59,apple,64.86
19.93,69.78,20.59,21.13,27.25,5.34,110.44,kidneybeans,29.04
109.89,20.76,50.61,26.65,86.95,5.97,27.26,muskmelon,85.41
19.53,53.65,19.83,25.24,93.92,6.79,49.27,mungbean,24.29
21.9,49.25,22.1,30.05,56.4,6.66,62.11,mothbeans,23.8
15.49,14.06,28.69,22.33,96.56,6.02,168.37,coconut,84.27
79.17,45.49,24.72,23.93,73.2,5.83,88.39,maize,61.59
14.36,126.65,205.0,20.85,94.07,5.49,111.52,apple,65.67
14.41,11.98,36.34,28.25,94.34,6.01,152.73,coconut,81.46
20.23,61.93,16.47,21.26,18.88,5.37,108.81,kidneybeans,30.47
20.93,51.57,24.36,23.87,51.3,6.81,34.86,mothbeans,20.67
14.26,52.3,22.2,33.08,79.61,7.19,44.81,mungbean,26.58
14.45,67.46,15.19,24.69,65.76,6.94,44.11,lentil,28.06
101.55,51.34,46.64,23.89,87.03,6.22,50.37,watermelon,113.65
18.18,41.11,20.6,29.1,82.95,6.87,47.64,mungbean,23.98
23.55,61.09,17.98,29.44,49.17,5.23,134.09,pigeonpeas,25.18
17.41,77.83,19.09,31.25,43.4,5.74,153.53,pigeonpeas,29.84
21.66,63.36,24.16,24.87,48.58,5.77,146.06,pigeonpeas,25.49
22.49,73.22,13.38,20.05,17.67,5.25,86.43,kidneybeans,32.38
75.9,55.83,21.84,21.87,69.82,5.4,82.34,maize,65.58
82.12,49.38,39.58,24.08,72.46,6.84,198.95,jute,46.55
38.96,73.7,78.91,18.86,21.81,7.54,87.22,chickpea,31.75
22.54,138.02,205.0,18.38,93.81,6.24,131.69,apple,67.62
14.73,10.69,8.23,17.74,88.04,6.79,112.26,orange,68.72
106.68,48.61,14.99,26.33,89.71,6.52,87.71,cotton,42.62
76.69,48.39,43.67,25.21,84.87,6.34,258.53,rice,50.29
27.95,18.59,27.68,27.0,92.04,6.42,188.58,coconut,81.22
23.81,117.81,196.89,21.54,79.59,5.69,74.05,grapes,115.39
20.99,73.56,23.61,24.98,63.54,7.62,45.81,lentil,25.65
95.67,57.92,47.0,25.29,80.5,6.08,41.94,watermelon,138.28
18.53,122.54,205.0,24.29,78.67,6.02,73.46,grapes,91.41
20.41,128.3,205.0,24.38,74.18,5.97,63.67,grapes,107.8
38.05,67.54,17.3,31.74,65.9,7.73,62.0,blackgram,27.26
19.16,21.18,35.28,22.94,87.31,6.09,90.0,pomegranate,28.6
38.29,70.55,77.73,17.66,18.54,6.28,94.0,chickpea,27.53
24.37,16.12,24.05,27.97,98.15,5.6,144.51,coconut,71.8
77.16,56.99,20.24,21.96,69.6,5.33,109.74,maize,70.67
17.62,54.63,24.39,23.21,62.17,7.29,43.1,lentil,26.4
22.35,136.58,195.69,22.61,77.69,5.99,85.22,grapes,108.57
108.45,54.94,47.89,24.61,81.04,7.15,55.44,watermelon,129.16
77.22,51.77,29.87,21.16,89.61,6.32,195.88,jute,49.5
113.09,29.85,28.49,20.65,64.2,7.37,172.76,coffee,21.05
93.31,31.03,30.15,23.86,63.04,7.35,153.09,coffee,22.38
20.11,70.26,16.3,20.91,17.45,5.47,105.22,kidneybeans,32.09
76.69,44.65,28.73,25.93,83.58,6.16,155.37,jute,47.63
23.41,54.62,20.03,27.2,50.59,6.68,54.4,mothbeans,22.9
15.41,71.61,21.23,23.93,20.79,5.74,82.56,kidneybeans,32.05
98.38,78.22,51.06,27.17,76.82,5.77,124.4,banana,186.95
17.7,73.12,22.2,17.92,22.83,5.82,91.59,kidneybeans,30.83
18.58,17.66,33.41,27.74,98.67,6.14,188.33,coconut,83.45
56.22,68.5,56.4,31.67,95.25,7.12,128.52,papaya,141.08
56.68,59.47,53.37,30.98,89.25,7.53,126.46,papaya,124.24
18.41,41.66,19.93,27.58,77.21,5.82,63.15,mungbean,24.24
19.0,24.26,34.63,30.24,40.67,5.39,95.38,mango,66.46
16.07,15.27,43.15,23.7,90.03,6.74,102.26,pomegranate,30.9
110.18,51.36,51.87,25.09,85.38,6.49,49.6,watermelon,130.22
22.05,71.29,21.66,18.97,23.14,4.97,107.7,kidneybeans,30.97
80.95,46.9,19.22,23.1,59.48,6.02,66.69,maize,64.33
21.36,131.36,205.0,21.12,96.13,5.46,117.28,apple,65.64
36.2,60.84,11.79,27.0,72.74,7.49,69.13,blackgram,27.06
44.56,73.57,80.56,18.45,16.77,7.52,74.99,chickpea,30.88
26.91,130.99,205.0,24.3,82.91,6.1,64.64,grapes,102.38
23.56,100.62,200.59,21.17,79.24,6.61,65.33,grapes,96.68
97.69,75.78,51.15,25.22,80.09,6.76,124.77,banana,200.47
119.86,44.04,24.51,19.49,79.13,7.33,102.0,cotton,40.23
81.06,49.09,47.06,21.92,80.46,6.55,231.38,rice,51.84
18.47,8.87,46.66,16.52,87.07,6.38,100.34,pomegranate,28.59
22.61,51.39,16.29,28.87,94.04,6.48,43.51,mungbean,27.14
94.35,91.99,48.0,27.63,88.84,6.37,102.35,banana,193.91
81.95,38.46,34.9,24.8,84.3,7.22,179.29,jute,46.47
21.76,53.14,22.19,28.79,79.72,6.8,49.86,mungbean,27.19
75.41,53.37,21.57,24.21,59.06,6.03,91.46,maize,73.86
36.39,59.48,71.59,16.75,14.0,7.23,84.94,chickpea,29.31
33.75,66.4,79.88,22.46,14.0,7.23,79.05,chickpea,32.88
36.61,65.25,80.4,18.99,14.0,7.31,80.91,chickpea,29.64
18.99,133.31,205.0,22.17,93.27,5.76,109.11,apple,65.48
73.96,54.46,45.07,22.97,81.68,6.2,236.28,rice,55.26
16.12,65.91,17.46,20.09,26.91,5.96,97.96,kidneybeans,31.23
52.05,62.03,55.69,34.14,89.12,6.78,150.89,papaya,130.18
114.87,32.99,28.24,23.58,48.96,6.26,158.31,coffee,22.77
45.02,66.47,16.79,27.41,63.45,7.27,57.6,blackgram,25.67
22.23,67.43,17.31,18.39,22.94,5.46,101.01,kidneybeans,32.19
20.24,25.48,27.8,32.46,51.35,5.4,99.61,mango,76.86
22.94,26.7,29.58,30.57,45.78,5.3,78.09,mango,63.18
20.67,14.02,30.47,26.71,88.61,6.27,164.74,coconut,68.85
49.35,55.89,59.72,31.28,90.43,6.38,136.78,papaya,136.04
15.89,134.85,205.0,20.01,94.62,5.9,129.14,apple,66.04
44.12,65.48,80.72,17.79,18.02,7.54,81.93,chickpea,29.39
14.84,19.39,31.02,16.69,89.14,6.92,99.89,pomegranate,26.73
42.06,72.38,82.37,17.67,14.0,7.04,79.5,chickpea,30.28
100.04,18.88,54.15,23.97,95.28,7.09,30.14,muskmelon,106.52
25.2,126.71,205.0,21.98,92.69,5.45,119.56,apple,72.81
97.94,17.76,41.63,26.1,94.96,5.74,23.93,muskmelon,94.91
85.83,14.5,56.31,28.03,90.49,6.93,23.06,muskmelon,107.04
19.1,30.99,34.47,28.7,55.17,5.93,88.91,mango,57.76
21.7,28.88,26.8,28.95,47.69,5.64,96.45,mango,65.52
131.68,43.29,23.6,23.57,83.5,7.07,72.26,cotton,43.52
24.77,16.98,36.13,28.09,93.91,5.79,167.72,coconut,85.38
14.64,20.12,42.16,19.42,93.38,5.93,120.99,pomegranate,30.23
70.13,48.04,35.2,22.29,78.09,5.41,231.09,rice,52.92
99.03,10.47,44.6,30.52,92.3,7.02,22.78,muskmelon,97.27
116.16,29.45,31.89,23.29,59.52,6.59,146.83,coffee,24.47
49.28,51.56,41.32,32.55,91.37,6.53,141.72,papaya,128.21
18.89,47.36,18.43,26.91,59.42,6.78,37.95,mothbeans,21.38
83.33,46.76,22.18,20.8,64.97,7.01,78.23,maize,68.34
17.74,23.37,26.61,31.46,58.39,5.99,99.99,mango,71.37
97.17,15.56,47.28,28.55,96.53,6.36,28.84,muskmelon,110.49
22.32,75.14,16.58,27.63,43.43,5.73,161.42,pigeonpeas,28.72
16.85,46.43,20.04,28.2,89.79,6.0,34.81,mungbean,24.23
91.57,32.37,32.2,24.49,61.28,7.06,123.43,coffee,21.78
22.95,119.48,202.56,21.04,84.08,5.99,63.13,grapes,115.83
21.74,16.74,31.88,27.86,94.8,5.98,175.78,coconut,78.92
116.39,43.76,22.05,24.64,73.88,6.36,80.42,cotton,39.7
25.73,69.87,19.71,24.52,52.72,5.86,127.66,pigeonpeas,27.82
75.13,43.99,40.52,21.84,80.27,6.26,257.83,rice,58.76
19.83,122.85,205.0,20.28,95.17,6.55,94.07,apple,60.88
14.83,18.94,37.49,19.35,93.61,6.52,112.7,pomegranate,28.15
105.72,32.82,31.58,25.57,65.43,7.25,139.42,coffee,23.04
41.94,65.88,83.25,15.54,19.23,7.48,66.15,chickpea,28.91
119.27,47.57,18.05,22.91,75.15,6.72,71.36,cotton,36.15
80.92,43.07,35.01,24.04,81.26,7.38,171.6,jute,48.45
16.33,26.85,26.54,29.93,51.99,6.29,114.09,mango,74.11
85.5,84.51,52.72,30.62,77.61,5.7,101.6,banana,201.87
45.84,61.81,55.77,29.0,90.97,6.76,166.07,papaya,137.01
22.37,137.27,202.46,20.34,92.88,6.47,83.47,apple,64.67
35.73,75.55,77.75,18.2,14.0,6.71,79.86,chickpea,28.39
77.59,42.43,42.52,24.86,77.85,6.55,232.3,rice,53.76
18.75,71.57,21.4,29.99,51.98,6.14,145.96,pigeonpeas,28.57
17.94,51.96,20.7,28.81,59.34,6.87,56.63,mothbeans,22.6
19.83,42.93,18.64,29.0,82.45,6.57,45.82,mungbean,25.75
73.16,48.53,36.87,24.71,81.55,6.92,171.75,jute,47.3
15.85,19.14,28.9,22.99,91.78,6.56,90.92,pomegranate,32.41
25.68,132.19,195.41,25.09,81.26,5.26,73.3,grapes,102.32
20.76,54.52,20.14,27.18,54.0,6.83,51.45,mothbeans,22.92
75.14,45.45,46.61,24.2,71.2,6.73,177.88,jute,44.98
75.77,53.98,25.18,25.27,64.07,6.03,72.46,maize,67.12
18.71,20.03,27.78,27.72,97.3,5.24,171.14,coconut,79.66
87.23,42.21,21.29,23.88,58.34,6.15,96.19,maize,71.61
37.29,63.02,88.59,16.24,14.0,7.31,87.02,chickpea,27.99
101.2,87.27,58.59,27.51,71.35,6.18,88.21,banana,179.35
87.14,48.65,35.01,22.4,81.34,6.24,238.13,rice,51.66
21.41,17.51,35.49,28.75,89.53,5.84,187.31,coconut,76.48
87.09,57.11,36.69,23.8,80.32,7.19,167.5,jute,48.07
21.41,29.0,31.37,32.88,45.33,6.24,101.44,mango,73.63
99.63,15.35,52.86,28.25,88.77,6.7,22.19,muskmelon,123.27
25.01,131.18,205.0,19.16,89.44,5.64,116.71,apple,65.44
87.58,76.55,54.57,25.06,80.63,6.16,120.3,banana,199.79
17.46,66.99,20.76,26.6,44.83,6.0,131.36,pigeonpeas,27.8
38.49,68.49,17.92,23.2,57.07,6.76,69.29,blackgram,25.39
16.01,19.9,10.9,20.96,93.64,7.18,108.31,orange,57.11
44.59,64.82,73.08,17.06,14.0,7.22,70.53,chickpea,27.82
108.85,51.56,45.84,22.51,81.6,5.56,58.11,watermelon,94.57
100.48,76.32,60.93,26.51,76.38,5.98,116.53,banana,210.95
23.25,143.42,205.0,16.26,93.65,6.11,131.11,apple,60.17
43.53,56.14,88.67,19.28,14.0,7.32,81.82,chickpea,30.37
95.67,28.93,29.87,29.39,58.12,6.18,154.31,coffee,23.42
16.79,74.95,21.57,26.79,47.82,4.99,164.54,pigeonpeas,27.53
25.27,11.42,13.16,22.5,92.29,7.19,112.69,orange,65.28
19.02,132.8,186.9,23.59,91.4,5.6,108.6,apple,60.74
18.29,16.46,36.7,28.98,97.48,5.01,177.42,coconut,81.82
51.21,60.41,51.15,35.64,94.22,6.81,133.44,papaya,149.64
100.11,57.37,44.07,27.54,85.18,6.72,57.04,watermelon,128.42
20.22,55.19,21.26,29.8,48.78,7.21,45.14,mothbeans,22.63
46.25,60.05,49.59,30.19,90.8,7.15,134.82,papaya,136.43
38.83,72.54,76.1,21.47,14.0,7.08,60.5,chickpea,29.77
22.31,19.41,39.62,19.53,86.65,6.83,140.89,pomegranate,30.1
40.72,67.11,77.23,16.51,19.27,7.5,57.97,chickpea,29.35
49.11,47.11,49.85,39.57,91.06,6.25,161.81,papaya,130.32
16.6,63.99,20.32,27.57,62.82,6.47,48.26,lentil,28.65
20.85,135.36,205.0,21.3,91.86,5.32,120.4,apple,63.43
18.84,21.06,38.5,21.41,86.41,7.13,112.14,pomegranate,29.61
40.45,69.57,78.21,14.04,16.24,8.27,69.42,chickpea,28.21
17.19,26.54,26.53,32.24,42.17,5.71,89.81,mango,76.91
41.69,61.66,79.65,18.94,14.0,7.92,63.46,chickpea,29.14
21.23,17.05,44.92,18.92,88.0,6.54,121.05,pomegranate,30.2
107.7,58.61,48.7,24.84,81.62,6.43,50.66,watermelon,131.12
17.5,57.6,24.56,23.15,24.33,6.01,96.49,kidneybeans,31.2
18.59,47.01,26.56,28.96,78.01,6.49,48.54,mungbean,24.2
94.68,14.83,46.81,29.18,88.68,5.74,22.44,muskmelon,87.57
104.19,47.76,53.9,27.47,90.19,6.65,45.42,watermelon,134.33
23.51,81.93,22.37,18.99,24.38,6.0,99.44,kidneybeans,31.19
95.57,20.99,52.94,28.34,89.35,6.43,27.11,muskmelon,105.06
23.17,25.83,32.77,28.8,57.48,5.2,99.95,mango,68.74
67.52,56.85,42.61,24.22,85.83,6.04,213.49,rice,54.64
40.88,56.57,19.41,28.22,69.19,7.53,83.82,blackgram,26.5
36.0,65.4,77.45,17.95,18.68,7.47,77.18,chickpea,28.1
93.64,77.3,48.06,22.12,77.62,6.39,119.32,banana,205.49
37.44,70.49,20.08,30.37,65.92,6.95,67.08,blackgram,27.49
17.38,61.02,19.76,29.62,53.36,5.6,151.37,pigeonpeas,26.03
58.0,63.53,49.51,34.19,87.53,6.57,126.25,papaya,131.52
20.55,69.51,16.14,26.9,48.38,5.65,134.48,pigeonpeas,26.53
19.45,48.22,17.79,27.13,85.07,6.22,39.48,mungbean,23.87
27.01,20.0,36.73,31.61,95.36,5.79,152.53,coconut,81.64
120.31,51.76,19.66,21.48,79.99,6.34,80.61,cotton,39.05
22.11,142.16,195.45,24.31,83.02,5.56,60.06,grapes,117.49
21.59,133.36,198.27,22.65,87.38,5.69,112.66,apple,63.93
16.01,74.44,21.11,22.74,58.39,7.23,31.43,lentil,26.33
107.63,88.51,46.47,23.02,80.75,5.92,108.03,banana,227.15
75.18,40.58,34.17,25.4,72.38,6.23,187.39,jute,47.53
19.98,136.09,205.0,23.67,88.73,5.57,108.76,apple,71.08
12.25,15.3,44.95,22.48,86.01,6.79,99.19,pomegranate,31.21
22.36,140.11,199.94,21.88,89.84,5.95,133.03,apple,68.35
29.23,53.11,16.46,28.62,91.45,6.2,61.12,mungbean,25.87
109.9,21.15,54.81,30.9,92.62,6.52,20.0,muskmelon,100.26
96.17,27.38,26.57,23.5,59.02,6.6,170.96,coffee,22.28
98.89,30.48,32.14,28.31,54.19,6.93,205.57,coffee,23.4
17.68,69.66,22.05,27.65,45.1,5.59,149.52,pigeonpeas,28.78
72.11,40.21,36.29,24.14,87.38,7.21,180.01,jute,45.73
21.65,67.43,17.8,21.25,22.93,5.63,86.77,kidneybeans,31.54
104.56,70.11,47.77,28.6,70.54,5.78,118.65,banana,207.32
76.45,48.23,21.18,19.92,65.2,5.55,75.92,maize,65.14
73.31,42.57,38.99,26.02,88.05,6.26,194.0,jute,46.5
85.05,42.87,18.28,24.37,66.55,6.26,97.87,maize,71.16
23.75,64.05,24.15,31.14,52.82,6.23,156.31,pigeonpeas,28.6
18.89,31.11,34.82,30.22,50.53,5.37,89.78,mango,64.15
19.86,65.99,15.39,17.41,26.55,5.74,119.63,kidneybeans,32.87
15.07,16.96,40.01,20.8,89.36,6.32,94.85,pomegranate,30.93
93.65,49.95,51.17,27.2,87.77,6.91,37.62,watermelon,121.93
35.97,69.29,21.02,32.98,71.11,6.41,77.2,blackgram,25.74
70.57,49.4,20.59,22.73,71.24,5.34,96.13,maize,66.87
79.52,47.05,40.8,24.31,83.73,6.49,213.79,rice,51.53
17.55,52.28,18.17,29.51,54.13,7.1,54.09,mothbeans,21.97
25.98,66.73,19.01,17.59,18.57,5.99,81.4,kidneybeans,29.17
19.61,25.16,35.98,31.78,51.96,6.5,109.34,mango,73.61
117.83,46.86,22.25,23.66,74.55,6.58,74.72,cotton,40.83
45.56,61.2,54.8,30.66,91.19,6.77,130.05,papaya,147.15
20.69,45.94,21.48,26.12,55.4,7.06,38.07,mothbeans,21.35
124.51,40.38,19.59,20.27,81.14,6.64,75.17,cotton,38.62
19.63,49.27,25.11,26.82,80.41,6.76,65.66,mungbean,25.76
20.92,12.16,12.06,22.49,90.71,7.33,136.32,orange,64.65
71.79,52.02,44.16,20.01,90.5,6.67,168.2,jute,47.26
43.81,65.85,19.1,29.33,57.47,7.7,71.94,blackgram,26.24
17.72,51.92,17.94,29.46,91.01,6.38,58.47,mungbean,25.25
89.88,37.94,33.08,20.68,57.64,6.75,159.3,coffee,22.59
106.77,79.54,61.05,26.77,76.12,5.25,107.42,banana,191.55
15.03,66.73,22.52,25.41,44.07,7.1,143.26,pigeonpeas,23.86
56.05,55.82,51.51,32.37,90.32,6.06,150.06,papaya,138.31
21.83,132.88,205.0,22.36,94.58,5.9,116.5,apple,62.85
20.1,16.65,32.88,23.12,93.78,6.65,126.12,pomegranate,31.04
77.92,40.08,24.5,20.02,65.96,5.7,74.35,maize,63.93
13.96,24.7,26.53,30.31,41.48,6.17,116.67,mango,75.09
18.97,17.62,23.6,23.96,95.54,5.31,161.55,coconut,83.53
21.76,137.62,195.38,23.46,94.1,5.43,108.14,apple,66.4
16.55,67.03,18.36,24.56,60.97,6.87,44.56,lentil,26.49
76.99,46.76,43.11,24.54,80.04,7.04,147.8,jute,48.15
20.33,49.44,20.61,27.19,45.03,7.38,56.32,mothbeans,21.88
12.3,69.4,15.7,20.58,61.82,6.73,51.36,lentil,21.56
23.27,12.53,26.85,26.02,92.57,6.11,168.87,coconut,88.42
39.58,69.55,19.11,29.94,66.17,6.98,64.53,blackgram,27.18
68.96,49.68,45.81,22.65,89.09,7.43,184.38,jute,44.13
14.27,45.16,22.15,24.84,86.54,6.39,54.5,mungbean,24.1
115.37,53.58,16.69,24.21,66.45,7.15,76.4,cotton,39.45
99.3,57.35,55.35,23.35,81.68,6.78,49.2,watermelon,113.94
18.9,134.89,205.0,22.1,89.49,5.29,88.39,apple,75.85
21.47,133.9,203.95,23.45,83.42,5.71,67.01,grapes,108.59
24.41,12.49,34.54,26.98,92.77,5.57,166.27,coconut,79.66
16.41,130.03,205.0,24.87,78.29,6.46,71.92,grapes,116.93
100.11,47.54,52.29,25.05,78.71,7.18,57.11,watermelon,130.73
71.82,43.72,35.9,23.6,82.64,6.27,225.13,rice,52.72
18.18,27.53,29.28,35.03,53.27,5.68,85.04,mango,77.7
22.65,23.64,30.14,32.21,42.53,5.22,105.43,mango,66.4
104.65,26.86,27.53,29.19,61.97,6.26,132.8,coffee,22.22
18.74,25.11,41.85,21.18,93.86,6.34,114.7,pomegranate,30.14
95.7,87.56,50.57,31.39,75.59,6.28,114.36,banana,189.08
25.98,133.63,189.06,22.21,81.7,7.07,72.14,grapes,101.16
75.25,42.29,43.42,22.26,72.34,7.01,174.42,jute,44.8
20.46,13.44,11.06,18.59,94.3,6.1,111.69,orange,58.61
109.6,50.83,20.76,18.03,79.58,6.76,55.89,cotton,39.17
19.91,22.39,32.94,31.9,40.79,5.95,89.88,mango,74.43
44.9,51.36,50.85,37.04,91.6,6.35,160.49,papaya,149.81
110.38,17.34,43.07,28.37,93.53,6.75,25.36,muskmelon,119.65
23.87,46.45,16.46,26.71,56.48,6.64,27.69,mothbeans,23.12
78.95,40.39,47.04,23.7,65.33,6.66,176.44,jute,47.43
36.19,65.79,69.5,18.9,16.85,7.96,77.72,chickpea,33.25
25.8,45.06,20.83,31.4,53.51,6.88,59.77,mothbeans,25.19
17.75,19.72,47.67,19.88,87.19,6.41,100.02,pomegranate,29.95
89.3,54.56,49.1,23.52,83.07,6.34,55.32,watermelon,131.72
23.8,41.92,20.08,26.69,43.32,7.05,56.1,mothbeans,23.74
124.36,41.88,18.87,24.43,71.98,6.87,73.2,cotton,39.5
52.5,51.63,45.98,32.74,91.75,7.43,121.43,papaya,123.74
109.59,60.89,45.72,24.16,86.16,5.89,59.89,watermelon,117.39
24.42,46.33,24.53,28.29,57.41,6.72,39.45,mothbeans,20.95
70.45,41.39,33.55,26.14,84.91,6.63,262.91,rice,55.92
21.42,20.48,29.13,22.68,93.03,6.01,185.17,coconut,60.64
26.04,44.61,23.48,26.67,48.77,6.9,62.77,mothbeans,21.1
17.7,49.58,21.53,29.03,54.98,6.65,50.34,mothbeans,22.58
84.03,45.14,22.75,22.45,66.34,6.6,97.29,maize,68.03
68.42,48.19,41.62,22.68,78.82,6.16,249.92,rice,48.85
74.35,44.74,16.15,21.87,63.42,5.19,85.18,maize,60.54
18.16,15.26,32.41,27.88,93.61,5.82,186.71,coconut,77.5
18.62,12.33,14.33,24.61,90.73,7.38,111.97,orange,67.85
17.56,21.11,48.45,21.73,93.57,7.09,101.49,pomegranate,29.0
22.43,60.24,22.69,19.3,24.66,5.52,117.99,kidneybeans,32.49
94.0,47.59,49.45,23.21,84.95,6.63,45.1,watermelon,120.07
17.38,45.5,26.13,26.82,82.46,6.61,33.19,mungbean,25.51
38.01,76.71,16.5,29.08,57.26,7.57,74.99,blackgram,24.37
84.85,49.63,43.1,21.76,78.41,6.23,233.11,rice,55.86
88.23,43.74,34.26,23.75,75.09,7.07,194.53,rice,51.0
138.61,30.53,18.56,23.78,79.15,6.41,90.65,cotton,42.97
107.83,42.15,16.85,16.38,79.25,6.72,102.86,cotton,40.25
13.54,68.06,18.92,30.84,49.89,5.38,121.34,pigeonpeas,30.87
22.16,14.14,9.25,19.47,97.57,6.79,100.69,orange,55.95
39.48,73.95,20.84,27.57,63.18,6.79,94.38,blackgram,24.73
20.87,75.35,18.29,25.78,58.78,7.28,35.78,lentil,26.98
98.53,77.6,49.95,26.97,85.6,5.36,95.75,banana,219.04
18.05,26.33,24.95,30.08,48.46,5.86,107.53,mango,69.13
85.74,48.98,23.45,19.22,67.69,6.06,82.49,maize,57.3
23.47,131.55,204.46,20.17,94.59,5.68,112.47,apple,64.36
17.32,12.27,45.1,23.97,88.84,6.68,96.18,pomegranate,29.38
21.2,25.73,29.53,29.02,44.4,6.2,102.48,mango,79.32
124.68,33.84,19.38,22.83,80.15,7.03,62.29,cotton,41.06
12.13,47.96,22.19,32.55,80.17,6.95,45.47,mungbean,24.58
16.38,76.86,21.53,29.52,53.36,5.8,143.1,pigeonpeas,25.46
40.67,66.31,87.35,13.73,14.1,7.15,81.87,chickpea,28.59
19.88,142.9,204.82,21.81,94.05,5.51,108.84,apple,62.19
101.94,23.86,28.46,25.4,58.43,6.99,145.32,coffee,22.59
20.04,70.53,20.44,27.66,46.52,5.51,139.79,pigeonpeas,27.63
85.58,45.12,44.72,24.36,86.77,6.25,215.17,jute,45.14
81.35,38.71,38.34,27.27,92.13,6.13,159.46,jute,48.45
75.69,44.07,50.01,23.36,88.1,6.32,171.16,jute,48.52
55.42,56.61,58.91,31.27,92.37,6.17,149.33,papaya,124.31
18.37,75.01,19.9,24.32,69.49,6.94,50.81,lentil,26.76
19.92,120.6,196.8,24.69,84.95,6.16,88.69,grapes,106.4
87.79,50.16,49.26,23.15,88.18,5.73,220.19,rice,54.74
16.49,13.08,10.86,23.8,91.49,6.77,100.05,orange,68.75
21.44,48.74,19.44,28.65,87.12,6.71,37.74,mungbean,26.94
20.41,26.58,30.11,30.8,57.47,6.37,94.51,mango,66.9
25.16,68.95,19.09,18.7,14.0,6.21,106.68,kidneybeans,32.21
23.85,138.7,188.91,20.97,82.44,6.5,70.37,grapes,102.24
15.21,50.71,16.18,28.4,89.14,7.13,49.05,mungbean,25.89
20.87,14.13,13.36,20.37,95.38,7.43,126.81,orange,61.09
16.77,60.07,25.81,29.29,47.42,5.67,164.02,pigeonpeas,27.47
97.7,76.22,53.11,25.19,79.41,5.9,99.49,banana,195.54
75.89,48.93,35.05,22.21,82.61,7.31,245.79,rice,53.97
20.14,58.56,25.69,25.49,45.36,5.8,137.16,pigeonpeas,28.76
18.37,18.13,35.76,23.89,92.47,6.53,83.77,pomegranate,29.05
107.39,29.42,22.41,25.08,61.79,6.52,167.88,coffee,22.01
100.32,14.83,56.38,28.37,91.24,7.18,26.72,muskmelon,100.03
29.79,64.87,21.05,27.21,60.69,6.69,51.59,blackgram,25.38
46.04,55.48,60.26,37.3,86.52,7.56,121.91,papaya,108.61
57.39,58.54,49.26,35.42,94.54,5.74,153.91,papaya,126.86
23.06,20.17,34.31,22.23,86.59,6.6,115.94,pomegranate,32.47
20.91,80.1,16.97,19.02,20.88,6.06,96.2,kidneybeans,29.98
39.04,67.22,72.37,19.19,19.86,7.69,76.48,chickpea,29.35
17.96,48.56,21.0,27.75,81.12,6.94,45.14,mungbean,23.5
16.81,44.37,19.65,24.31,91.61,6.14,52.45,mungbean,25.21
24.03,28.18,34.82,28.16,49.06,5.64,98.36,mango,80.45
22.0,63.45,20.53,28.92,54.96,5.89,143.42,pigeonpeas,26.83
101.72,16.18,48.06,28.45,95.44,6.57,30.16,muskmelon,109.19
20.4,25.93,29.66,32.15,44.52,6.1,95.63,mango,74.61
22.79,52.39,16.83,26.2,48.97,6.79,55.08,mothbeans,22.96
19.88,71.17,23.3,24.9,45.84,4.87,156.21,pigeonpeas,25.92
106.27,16.24,49.19,28.04,98.32,6.59,20.69,muskmelon,99.32
79.67,55.76,44.36,21.18,86.11,5.68,225.78,rice,52.42
22.47,22.31,42.8,19.45,87.45,6.48,127.68,pomegranate,29.77
107.41,18.24,50.9,25.68,97.29,7.0,35.16,muskmelon,94.07
23.56,69.29,20.06,26.77,49.8,5.91,138.14,pigeonpeas,28.61
21.29,145.0,203.1,19.23,96.05,5.9,136.15,apple,58.76
22.98,42.21,17.02,28.44,81.79,6.47,64.68,mungbean,27.36
79.55,45.94,40.28,26.28,91.24,5.81,254.71,rice,53.9
17.71,62.02,22.54,19.93,17.65,5.84,126.06,kidneybeans,30.93
21.32,127.03,202.68,17.35,90.78,5.88,118.92,apple,68.27
78.92,42.75,40.18,23.11,81.19,6.37,232.84,rice,54.68
20.25,26.33,22.44,33.12,56.07,6.23,101.7,mango,75.92
57.92,60.5,45.36,32.49,91.67,6.18,136.28,papaya,128.99
21.84,49.92,19.14,26.35,62.25,7.59,48.73,mothbeans,22.6
113.23,45.02,21.3,26.37,78.98,7.12,100.96,cotton,40.29
11.18,17.65,39.96,17.83,87.98,7.08,117.24,pomegranate,30.34
20.57,60.29,22.67,30.19,50.33,5.75,143.04,pigeonpeas,28.06
42.89,63.1,46.05,30.11,93.35,7.34,133.58,papaya,140.28
15.28,62.11,16.89,23.09,82.65,7.28,57.74,lentil,26.42
86.98,51.55,14.78,18.71,60.4,5.51,74.79,maize,71.09
36.8,72.55,69.92,18.74,14.77,7.75,60.07,chickpea,29.54
106.21,11.96,57.12,28.66,89.6,6.13,20.0,muskmelon,95.22
125.54,44.24,18.5,25.31,76.08,7.29,104.87,cotton,42.67
24.02,62.87,19.45,22.09,14.0,6.0,88.97,kidneybeans,32.39
38.99,62.13,84.37,18.29,19.75,7.54,72.99,chickpea,30.94
17.59,47.63,19.29,25.19,87.0,6.78,56.01,mungbean,24.98
93.21,26.1,32.89,23.33,51.95,6.63,149.64,coffee,23.17
93.28,29.17,33.33,21.3,59.23,8.03,174.29,coffee,20.65
17.12,11.12,9.7,22.72,94.24,6.25,100.38,orange,66.35
87.87,62.49,46.03,28.02,82.24,6.77,50.09,watermelon,117.47
21.93,8.27,14.69,21.95,91.51,7.01,107.68,orange,62.52
29.12,135.1,193.47,24.1,80.67,5.44,60.81,grapes,111.63
92.68,27.6,26.87,23.31,61.71,6.95,143.4,coffee,23.39
22.63,72.13,19.81,24.55,55.15,5.33,135.65,pigeonpeas,25.3
22.06,27.85,30.45,30.35,52.66,5.77,90.14,mango,69.96
16.62,132.92,186.42,18.61,89.85,5.47,111.54,apple,66.03
19.19,32.29,24.9,34.23,56.03,5.69,115.81,mango,80.97
20.59,19.32,41.0,21.79,89.06,6.48,114.01,pomegranate,30.83
101.83,31.2,31.41,19.87,63.57,7.55,174.32,coffee,21.65
16.47,69.25,18.79,25.25,49.56,5.27,155.3,pigeonpeas,26.6
101.12,28.34,30.55,24.94,58.06,6.4,155.62,coffee,22.77
24.91,137.42,192.98,24.94,84.41,6.65,73.03,grapes,100.55
130.6,46.48,19.8,20.82,80.63,6.42,93.34,cotton,40.89
22.08,16.33,35.39,22.75,92.65,6.74,99.29,pomegranate,31.3
38.78,62.5,57.32,34.39,91.86,7.66,135.06,papaya,117.33
20.99,140.52,193.37,20.91,88.42,5.97,107.52,apple,61.62
34.02,69.96,24.02,27.86,63.33,6.8,61.84,blackgram,26.86
17.8,74.95,17.59,29.93,50.06,5.87,142.06,pigeonpeas,28.33
104.9,45.91,53.9,26.62,85.97,6.71,47.56,watermelon,122.71
47.23,56.94,38.43,34.76,90.7,7.3,148.1,papaya,129.93
44.04,69.85,12.33,28.75,65.37,7.04,81.9,blackgram,28.47
27.49,128.03,205.0,24.72,79.75,5.17,67.15,grapes,115.09
18.55,75.12,19.61,23.42,58.48,6.54,56.11,lentil,27.2
74.68,50.13,38.66,23.35,84.01,6.08,230.55,rice,51.2
106.25,29.93,30.46,26.1,52.36,6.0,160.5,coffee,22.45
59.27,67.41,45.05,30.14,96.52,7.48,151.62,papaya,136.0
40.51,68.07,78.47,18.7,20.16,7.38,64.7,chickpea,29.76
100.65,25.79,34.03,25.81,50.96,6.64,149.6,coffee,22.86
86.35,44.15,43.13,24.02,77.96,6.07,169.38,jute,51.68
18.02,46.27,19.82,26.81,50.1,7.22,56.75,mothbeans,21.17
16.23,15.22,43.13,24.57,90.65,6.21,100.05,pomegranate,29.88
44.55,55.57,50.56,32.9,91.33,5.84,118.01,papaya,135.81
23.02,60.17,21.72,28.36,47.3,5.62,167.56,pigeonpeas,28.95
20.72,126.4,192.91,22.13,90.49,5.3,132.38,apple,62.47
24.33,67.29,19.6,18.15,21.86,5.62,110.04,kidneybeans,30.57
21.48,16.79,8.01,20.83,91.42,6.92,118.68,orange,61.5
18.57,47.56,15.31,28.95,50.23,7.2,45.57,mothbeans,22.69
75.39,40.8,37.08,22.98,78.45,6.66,202.15,rice,53.2
22.27,44.93,24.79,27.04,85.54,6.59,44.79,mungbean,25.35
102.52,54.83,48.34,23.96,82.76,6.03,37.66,watermelon,128.46
19.99,16.58,33.77,16.9,91.58,6.57,93.2,pomegranate,26.44
23.96,19.95,27.23,25.37,93.71,5.7,137.65,coconut,86.08
22.41,10.95,30.64,28.11,93.5,5.88,167.44,coconut,79.73
70.41,40.44,43.19,25.28,85.44,7.1,178.55,jute,46.85
13.59,22.26,38.98,24.36,85.76,7.06,103.08,pomegranate,29.91
18.49,79.13,16.73,14.94,21.87,5.83,113.58,kidneybeans,31.89
25.39,50.11,17.49,28.45,47.21,6.5,48.48,mothbeans,21.24
81.31,44.65,42.41,25.52,71.39,7.37,191.08,jute,46.88
19.8,76.35,21.53,19.07,16.58,5.89,101.54,kidneybeans,26.68
84.81,50.43,38.03,23.74,86.44,6.21,259.19,rice,55.04
19.52,65.42,17.81,29.87,62.11,6.73,30.0,lentil,26.92
56.19,65.05,51.44,34.81,91.04,5.63,150.98,papaya,124.78
27.35,18.73,44.12,21.9,87.07,6.51,110.41,pomegranate,32.73
17.47,16.28,8.21,22.07,86.81,6.18,126.27,orange,49.61
39.53,70.71,83.86,18.57,15.45,7.4,77.04,chickpea,28.15
78.57,45.06,36.27,24.61,77.62,6.38,165.66,jute,44.94
21.17,16.49,35.75,17.95,89.75,6.82,111.32,pomegranate,28.7
111.2,37.77,22.28,22.56,80.18,6.68,102.58,cotton,43.52
21.89,47.01,14.01,28.06,55.09,6.41,64.32,mothbeans,22.15
22.9,38.12,24.43,28.03,85.39,6.48,57.79,mungbean,25.24
23.41,127.59,205.0,23.85,75.24,6.38,68.67,grapes,104.87
19.97,46.8,18.96,27.14,84.15,7.02,38.79,mungbean,22.83
19.32,75.76,21.05,26.15,67.21,6.06,48.04,lentil,25.36
118.7,43.81,18.06,24.39,91.64,6.64,89.91,cotton,39.57
17.83,69.85,14.37,20.77,21.74,5.68,82.11,kidneybeans,30.28
18.97,26.4,33.83,30.5,51.92,5.93,85.4,mango,74.21
96.94,14.61,54.21,27.43,94.72,7.1,28.31,muskmelon,100.41
20.81,68.64,22.01,15.8,24.26,6.44,117.46,kidneybeans,30.89
21.66,15.16,8.68,27.36,90.33,7.27,109.47,orange,65.87
23.17,67.39,18.32,32.02,44.87,5.62,132.39,pigeonpeas,28.67
86.97,38.55,18.52,21.44,65.71,5.9,92.78,maize,67.8
83.46,43.61,41.26,24.28,75.95,6.12,176.92,jute,46.59
93.92,28.76,32.39,20.12,51.43,6.26,155.38,coffee,21.18
122.3,44.61,24.54,25.6,86.2,6.93,70.88,cotton,42.53
76.19,44.5,26.43,19.71,67.07,6.24,74.93,maize,63.11
19.21,63.6,13.73,21.8,61.83,6.89,46.37,lentil,25.61
16.23,71.24,21.0,19.94,23.03,5.32,94.63,kidneybeans,28.77
15.47,19.02,39.26,21.2,86.6,6.9,109.3,pomegranate,27.66
50.89,57.99,45.44,31.74,92.86,6.63,174.14,papaya,147.65
80.18,42.08,43.41,22.15,81.83,6.17,210.1,rice,56.17
17.29,58.03,20.47,22.62,50.87,5.47,148.89,pigeonpeas,25.73
86.71,21.81,48.29,26.17,89.09,5.88,31.19,muskmelon,99.17
17.68,46.12,19.95,27.26,78.92,7.24,50.07,mungbean,23.7
16.94,62.37,21.39,23.37,17.3,5.52,97.1,kidneybeans,31.86
84.91,42.99,22.2,18.81,65.41,5.82,103.51,maize,57.29
74.64,39.21,38.57,27.04,74.98,7.08,176.1,jute,47.66
19.31,68.84,20.25,17.88,20.8,5.62,100.06,kidneybeans,32.18
36.0,77.85,85.2,17.61,14.0,6.98,55.21,chickpea,28.89
120.85,43.42,18.25,17.29,81.52,7.1,66.68,cotton,37.31
20.08,46.63,21.09,26.45,58.27,7.23,53.01,mothbeans,19.27
16.87,118.54,201.94,19.31,93.05,6.2,93.98,apple,62.61
55.94,62.71,56.53,31.83,96.85,6.6,164.51,papaya,134.98
16.67,19.24,51.17,20.92,90.36,6.44,101.63,pomegranate,30.6
124.99,44.82,17.23,19.41,84.97,6.86,80.76,cotton,38.92
22.12,28.88,29.91,27.95,55.89,6.0,113.51,mango,74.88
26.91,140.37,205.0,24.39,82.73,6.32,55.48,grapes,122.43
22.83,24.04,26.46,31.55,49.34,6.15,87.36,mango,68.02
120.59,27.95,30.36,22.94,63.6,6.65,154.22,coffee,24.34
84.92,31.64,31.44,24.76,56.79,6.6,157.9,coffee,21.51
118.55,40.24,17.01,26.89,82.62,7.52,96.45,cotton,42.67
16.39,46.06,15.92,25.82,59.47,7.22,54.84,mothbeans,22.5
19.45,14.48,30.13,29.77,91.29,5.84,195.66,coconut,79.16
20.46,10.27,27.3,25.37,95.6,6.16,166.35,coconut,70.21
22.37,11.99,30.83,27.5,91.93,6.44,160.34,coconut,75.1
16.02,139.64,199.11,22.94,98.55,5.81,112.34,apple,69.93
16.61,16.72,8.9,28.08,92.1,6.94,116.43,orange,56.2
20.99,24.54,26.11,32.08,45.38,5.42,84.11,mango,65.87
19.17,27.92,28.99,33.52,47.88,4.97,98.26,mango,62.84
13.36,18.36,10.8,21.6,91.07,6.83,106.78,orange,71.25
88.33,82.32,44.98,27.25,87.93,5.79,115.46,banana,180.07
18.17,137.93,186.14,24.27,96.77,5.59,115.62,apple,63.85
18.85,140.57,197.57,21.99,75.77,5.99,68.38,grapes,110.54
36.78,61.79,13.61,30.72,72.5,7.28,45.95,blackgram,25.48
22.66,64.96,15.9,21.64,19.77,5.6,108.86,kidneybeans,28.92
20.96,129.6,184.66,21.96,86.91,5.85,78.25,grapes,94.74
114.56,41.96,20.76,25.13,76.36,6.34,97.18,cotton,40.0
14.19,74.73,17.11,23.61,74.23,6.99,50.18,lentil,26.83
100.27,77.48,46.25,30.25,75.16,6.08,109.62,banana,198.86
15.27,45.66,22.92,28.4,55.77,7.21,45.4,mothbeans,21.44
17.59,138.11,198.6,20.21,88.81,5.62,102.28,apple,62.76
78.1,42.62,34.38,22.34,85.08,7.29,164.05,jute,48.71
19.01,70.91,19.6,23.64,60.03,7.18,37.93,lentil,25.62
96.61,32.26,32.15,26.0,59.37,7.42,162.43,coffee,23.61
19.37,15.81,8.37,18.3,100.0,6.81,92.94,orange,67.27
12.59,64.19,15.32,26.87,60.81,6.63,52.11,lentil,28.34
48.34,69.9,13.29,31.45,69.31,7.54,61.69,blackgram,27.34
97.86,85.79,44.88,27.74,76.06,5.04,121.56,banana,192.55
21.17,65.85,21.37,18.82,22.58,5.74,99.59,kidneybeans,33.39
17.83,21.53,38.69,23.03,94.41,5.99,106.29,pomegranate,28.62
81.0,42.1,33.65,26.28,85.82,6.45,170.52,jute,43.56
61.36,58.31,57.3,33.3,89.15,7.19,118.25,papaya,151.92
16.69,61.88,16.64,26.92,63.12,6.56,55.43,lentil,23.8
18.95,16.95,31.79,28.77,97.82,5.9,175.26,coconut,80.59
22.07,65.46,18.04,21.12,16.33,5.62,107.69,kidneybeans,30.82
22.37,73.0,21.87,19.28,19.85,5.83,103.45,kidneybeans,31.3
24.93,46.08,17.66,26.79,52.83,6.82,42.7,mothbeans,25.1
58.08,54.36,62.21,32.91,98.71,7.1,119.07,papaya,150.61
43.49,66.2,76.38,20.38,18.49,8.11,73.85,chickpea,27.16
103.89,55.66,46.06,28.36,83.48,6.87,50.97,watermelon,136.88
21.49,24.07,31.5,32.47,47.55,6.01,75.95,mango,71.96
14.56,26.1,33.45,33.38,48.74,5.92,92.58,mango,69.72
81.37,52.36,18.62,24.75,63.98,6.0,99.08,maize,76.74
110.22,75.06,48.01,28.66,85.41,5.35,112.36,banana,223.18
82.89,45.63,44.33,24.12,82.02,5.84,253.39,rice,51.69
19.91,47.96,18.2,23.26,50.69,6.43,56.54,mothbeans,21.34
19.76,136.95,199.28,22.34,92.98,6.34,101.42,apple,71.85
15.18,67.27,21.19,21.71,20.36,5.54,102.52,kidneybeans,31.35
12.51,68.79,21.81,21.81,58.26,7.44,51.12,lentil,27.39
39.91,62.78,69.03,18.18,14.0,6.89,84.93,chickpea,31.3
19.31,74.32,21.05,19.49,17.25,6.21,114.3,kidneybeans,28.99
114.28,46.2,18.53,21.22,69.35,6.59,103.1,cotton,39.33
22.81,75.98,20.88,26.68,51.29,5.26,144.35,pigeonpeas,26.25
38.53,75.48,77.71,12.12,20.94,7.27,68.13,chickpea,28.01
35.75,62.36,79.96,19.24,14.0,7.21,89.17,chickpea,26.59
89.49,17.69,49.06,31.11,91.85,6.26,24.89,muskmelon,110.64
18.2,130.3,205.0,24.21,82.84,6.04,78.4,grapes,100.68
14.15,76.46,22.27,26.1,55.18,6.46,45.75,lentil,29.17
22.02,145.0,184.93,22.5,92.77,5.46,108.6,apple,65.26
21.96,42.39,21.46,28.09,82.47,6.36,58.2,mungbean,22.28
25.35,69.08,19.56,27.95,52.67,5.74,122.1,pigeonpeas,27.37
36.31,67.97,83.68,18.39,16.79,7.36,73.34,chickpea,30.51
93.51,47.79,18.44,24.15,76.3,6.41,65.31,cotton,38.91
42.32,53.48,75.12,14.45,19.3,7.23,71.72,chickpea,30.02
24.57,61.93,17.5,23.5,50.98,4.95,150.47,pigeonpeas,24.35
30.59,133.44,196.37,24.32,71.17,6.33,60.2,grapes,111.78
21.97,142.59,202.51,21.42,89.62,5.81,127.37,apple,72.31
22.46,69.41,21.95,18.36,20.53,5.49,103.88,kidneybeans,29.57
38.63,63.58,23.18,32.25,66.6,6.98,69.86,blackgram,25.13
34.25,65.41,17.2,29.25,63.64,6.86,69.4,blackgram,27.43
17.04,69.38,23.19,24.65,44.26,6.03,166.58,pigeonpeas,26.32
106.02,27.72,30.09,25.03,63.57,6.3,141.55,coffee,21.94
19.58,62.88,18.88,21.94,63.71,6.38,40.52,lentil,27.45
116.38,43.19,16.67,25.19,91.32,6.56,61.29,cotton,39.36
19.32,20.44,6.78,22.22,90.17,6.78,110.38,orange,67.64
16.03,20.29,36.56,17.56,92.57,6.49,94.79,pomegranate,28.28
21.07,19.97,12.68,21.71,92.77,6.8,105.81,orange,62.82
18.06,130.35,178.39,19.32,92.72,5.76,94.66,apple,62.66
18.66,44.48,25.61,26.81,54.75,6.34,45.66,mothbeans,22.13
85.67,29.56,29.82,25.09,54.82,6.91,152.67,coffee,21.46
19.99,64.89,20.4,22.79,67.25,7.33,54.34,lentil,27.64
75.55,43.17,19.04,23.84,68.54,7.08,105.72,maize,62.06
77.12,48.64,19.86,23.52,70.46,5.91,99.36,maize,71.99
14.82,18.43,48.5,18.89,84.36,6.37,105.55,pomegranate,28.09
98.85,20.3,49.72,24.86,93.11,6.32,20.0,muskmelon,110.8
76.2,52.39,20.72,21.55,67.54,6.78,63.87,maize,65.3
19.16,52.17,21.19,29.63,79.01,6.92,39.57,mungbean,23.83
75.58,46.33,44.65,22.66,73.46,6.9,156.26,jute,49.17
75.24,50.85,21.63,23.96,61.47,5.26,100.48,maize,74.22
18.88,59.03,17.35,23.67,56.86,6.12,44.9,lentil,24.31
38.43,63.89,77.15,19.31,16.35,7.17,66.24,chickpea,29.85
20.92,41.91,20.23,27.73,86.8,6.44,43.32,mungbean,26.28
21.73,18.75,28.4,29.56,95.43,6.68,206.39,coconut,81.85
15.14,16.5,28.35,27.05,92.41,5.77,136.17,coconut,80.85
119.3,44.9,21.5,22.42,80.93,7.05,67.95,cotton,42.52
27.09,59.76,21.75,18.51,22.83,5.67,125.43,kidneybeans,32.88
43.68,70.69,77.65,15.85,21.44,7.29,80.44,chickpea,30.4
21.66,38.29,19.37,26.93,50.71,6.03,55.22,mothbeans,21.27
117.28,30.04,30.24,24.12,63.16,6.85,168.66,coffee,24.1
42.87,66.6,16.91,31.45,70.49,7.04,77.69,blackgram,24.39
123.33,53.29,17.7,22.34,85.17,6.96,73.64,cotton,38.8
85.75,42.89,16.32,24.38,73.39,5.69,82.02,maize,70.78
19.45,46.18,20.97,28.31,51.25,7.04,50.87,mothbeans,23.31
15.31,66.15,24.4,22.16,67.19,7.33,42.11,lentil,26.67
20.68,64.91,25.1,23.97,20.03,6.05,105.71,kidneybeans,32.52
100.66,83.69,53.68,26.75,77.87,5.72,96.79,banana,194.46
102.9,51.43,42.61,28.99,90.68,6.11,45.76,watermelon,132.14
22.12,137.21,197.61,19.44,81.48,6.35,63.8,grapes,98.8
10.15,70.3,20.37,22.23,61.25,7.24,42.28,lentil,25.61
42.64,67.44,22.31,30.01,64.71,7.52,77.84,blackgram,26.12
75.63,48.21,43.04,23.03,79.75,6.7,238.58,rice,56.8
15.44,20.55,40.36,22.59,88.23,6.25,114.9,pomegranate,27.83
21.91,27.48,24.17,33.76,48.59,5.09,92.51,mango,65.9
20.22,16.96,29.47,27.89,96.48,5.88,198.61,coconut,85.38
111.96,54.26,24.83,23.81,78.31,6.77,106.89,cotton,43.27
22.72,41.83,19.6,24.52,54.62,6.66,56.22,mothbeans,21.88
23.54,48.31,16.35,26.26,80.91,6.48,56.81,mungbean,24.9
13.96,63.25,20.15,25.62,69.64,7.48,35.0,lentil,25.36
17.35,133.54,198.6,22.26,77.13,5.39,68.06,grapes,95.09
25.82,76.77,15.99,27.1,42.71,5.81,138.07,pigeonpeas,27.93
91.36,84.8,47.95,23.99,72.98,5.37,91.94,banana,208.84
73.92,50.86,21.04,24.73,66.61,5.67,92.11,maize,65.2
88.77,85.62,45.06,24.29,80.78,6.58,91.37,banana,192.47
105.14,16.79,48.49,29.69,92.65,6.06,25.6,muskmelon,109.39
23.64,141.22,205.0,25.6,82.73,5.74,69.06,grapes,103.94
17.5,67.03,21.59,24.59,74.67,7.1,41.02,lentil,27.67
99.62,61.08,42.36,23.92,84.0,6.54,58.92,watermelon,135.98
101.46,84.62,48.38,25.87,76.54,5.86,105.82,banana,200.02
19.21,133.66,205.0,20.39,92.93,6.18,125.43,apple,61.76
17.4,29.2,29.39,32.52,55.26,6.13,80.62,mango,70.59
25.26,49.05,18.71,29.64,48.21,6.98,52.94,mothbeans,22.82
108.25,84.49,51.72,26.47,79.84,6.14,95.77,banana,185.52
20.67,18.37,7.83,25.77,93.13,6.7,111.33,orange,61.9
22.45,12.55,13.71,25.98,91.28,6.81,99.05,orange,67.18
15.49,129.66,188.12,19.09,92.47,5.24,110.93,apple,65.32
78.26,45.1,43.57,23.17,72.76,7.07,160.59,jute,44.17
23.82,22.36,28.9,30.87,53.37,5.2,80.01,mango,70.95
77.19,47.74,43.46,22.24,81.73,6.98,205.94,rice,52.8
23.55,132.02,183.12,21.33,81.98,6.09,62.37,grapes,104.37
46.46,63.29,86.86,17.96,14.0,6.97,62.13,chickpea,31.4
45.26,60.36,52.49,33.37,95.35,6.98,147.26,papaya,139.34
75.42,46.03,22.77,16.21,62.85,6.5,91.44,maize,63.91
110.92,14.02,51.9,31.73,90.37,6.61,25.36,muskmelon,104.26
43.72,63.0,51.44,36.25,88.27,6.61,156.44,papaya,133.26
82.4,44.39,44.6,23.66,79.09,6.34,183.52,jute,51.24
75.61,51.73,21.91,19.89,61.69,6.0,103.02,maize,71.95
19.49,139.6,183.16,22.85,90.73,5.73,114.93,apple,58.28
17.16,74.45,19.86,29.01,50.66,5.88,159.66,pigeonpeas,27.45
98.48,29.77,33.39,21.92,56.33,7.49,140.5,coffee,21.39
17.82,137.86,199.28,21.83,92.52,6.74,119.73,apple,58.52
20.84,17.56,33.09,28.39,96.01,5.93,165.98,coconut,74.9
14.99,60.99,24.45,19.23,73.47,6.2,33.92,lentil,22.19
19.09,31.8,32.09,29.12,46.64,5.75,97.51,mango,75.13
99.35,13.78,39.87,28.19,99.81,6.42,20.0,muskmelon,95.08
84.42,45.74,39.04,18.86,83.81,7.21,195.3,jute,51.9
121.51,49.91,19.34,20.05,76.43,6.44,100.06,cotton,39.51
20.22,16.69,10.92,23.02,92.28,7.03,123.06,orange,60.5
20.06,16.2,47.06,22.22,81.73,6.78,106.25,pomegranate,26.93
44.15,71.28,19.66,31.52,66.0,7.29,63.23,blackgram,25.56
78.79,46.69,44.65,25.18,77.45,6.53,229.15,rice,55.92
18.41,42.0,20.73,27.15,55.44,6.52,49.27,mothbeans,21.08
97.91,14.61,49.59,29.19,99.52,6.2,20.91,muskmelon,100.55
90.61,59.17,47.45,25.43,77.2,6.6,52.56,watermelon,129.95
10.86,65.65,19.37,21.66,62.72,7.37,54.26,lentil,26.33
20.09,72.95,12.19,29.66,47.03,5.67,151.63,pigeonpeas,29.62
23.68,134.6,189.27,22.53,88.13,5.86,67.44,grapes,95.74
12.89,46.82,21.48,26.74,52.42,7.18,48.24,mothbeans,23.28
15.01,21.63,42.52,20.38,82.69,6.75,102.66,pomegranate,29.1
84.41,43.47,34.45,19.75,74.42,5.68,154.66,jute,43.15
95.74,58.37,57.17,24.71,86.28,5.64,44.28,watermelon,121.29
93.54,30.0,28.09,23.63,56.88,6.54,141.17,coffee,22.1
79.25,32.08,42.87,25.87,75.97,6.72,186.43,jute,47.58
19.96,128.72,187.28,19.89,86.62,5.45,118.68,apple,65.47
74.64,40.74,43.0,20.74,77.18,6.66,194.97,jute,42.83
18.08,17.37,13.89,21.97,93.2,6.75,103.84,orange,65.12
20.94,26.54,29.36,31.03,46.91,5.75,80.31,mango,71.93
24.61,69.74,16.59,23.06,18.46,5.84,120.91,kidneybeans,32.18
92.05,56.07,55.51,21.86,87.67,6.8,46.58,watermelon,127.27
17.97,72.31,12.4,24.26,45.05,5.92,156.7,pigeonpeas,26.07
123.85,35.66,15.41,22.3,79.09,7.53,74.99,cotton,40.61
13.6,15.78,9.26,19.76,92.24,7.49,103.5,orange,58.97
121.06,55.67,45.57,24.76,79.74,6.59,45.59,watermelon,125.15
106.47,22.16,50.57,27.5,90.38,5.98,20.0,muskmelon,116.09
117.77,45.4,20.1,18.17,74.82,6.99,70.25,cotton,38.56
16.56,60.39,23.82,23.13,18.8,6.2,99.35,kidneybeans,28.28
38.21,64.32,72.46,12.94,23.2,6.83,87.2,chickpea,26.67
45.44,59.67,12.63,25.91,63.22,7.37,77.29,blackgram,24.97
17.75,74.34,16.57,23.17,60.45,6.43,57.26,lentil,23.97
84.28,53.67,34.47,24.35,82.1,6.7,206.14,jute,45.72
9.14,21.85,38.94,19.31,91.64,6.55,109.0,pomegranate,31.21
105.43,21.11,44.84,30.27,97.04,6.3,27.19,muskmelon,84.16
21.93,13.63,36.62,24.43,91.87,5.76,169.06,coconut,91.31
100.34,82.65,54.41,25.33,76.05,5.86,104.59,banana,180.9
92.62,18.14,50.92,30.63,91.06,6.31,22.27,muskmelon,110.19
107.41,86.34,44.66,27.77,85.61,6.11,96.76,banana,201.03
74.81,47.77,24.43,25.19,66.17,5.32,99.86,maize,71.41
20.43,71.54,16.23,24.83,70.15,7.11,39.43,lentil,26.91
24.45,138.58,205.0,25.87,79.24,5.57,59.01,grapes,88.16
103.61,29.94,27.1,25.71,55.96,6.68,181.0,coffee,22.47
38.1,67.58,79.04,19.51,17.2,7.48,82.79,chickpea,28.66
18.29,46.54,15.82,29.11,77.52,6.74,45.97,mungbean,24.24
19.47,54.48,14.68,27.49,64.99,7.6,55.03,lentil,25.13
41.68,65.28,22.53,27.21,63.93,6.74,56.38,blackgram,23.44
84.12,85.34,50.76,30.26,81.67,6.65,91.55,banana,205.97
90.38,39.94,38.33,21.51,85.59,7.64,178.72,jute,41.63
17.55,26.65,32.3,30.32,58.32,5.97,103.58,mango,69.85
21.34,49.97,19.7,29.29,55.57,6.81,43.3,mothbeans,23.8
22.35,46.09,24.27,27.35,46.33,7.04,43.47,mothbeans,23.72
96.63,57.11,50.91,26.18,88.72,6.47,59.68,watermelon,132.22
39.59,65.91,18.29,23.96,61.85,7.19,57.03,blackgram,23.25
20.11,18.5,13.06,22.86,89.61,7.14,127.13,orange,69.69
94.51,57.19,54.75,24.36,84.95,6.2,36.69,watermelon,108.36
20.54,124.66,205.0,19.64,92.31,6.37,117.38,apple,67.16
19.06,140.4,205.0,19.45,87.7,7.09,113.37,apple,61.15
111.11,35.39,30.75,28.22,55.15,6.51,173.81,coffee,23.89
45.79,66.91,16.24,25.67,58.27,6.51,51.06,blackgram,23.52
109.79,54.6,50.33,26.59,82.15,6.74,62.8,watermelon,125.73
118.36,42.42,18.53,19.98,73.91,7.49,67.47,cotton,39.93
79.67,57.0,23.48,23.13,60.48,5.53,89.74,maize,70.64
37.04,66.28,18.29,27.07,56.83,7.22,70.91,blackgram,26.66
23.57,136.7,205.0,20.77,78.61,5.06,73.89,grapes,116.04
38.14,65.45,74.14,19.45,14.0,6.73,80.83,chickpea,28.91
23.38,123.62,194.37,23.44,84.69,5.62,65.89,grapes,104.54
19.04,16.49,30.83,29.0,96.17,6.39,173.27,coconut,84.23
98.9,87.31,47.6,30.33,79.87,5.48,107.53,banana,192.9
22.77,41.84,23.86,28.3,88.0,6.89,42.83,mungbean,25.12
20.6,35.97,17.05,30.16,42.15,7.07,52.01,mothbeans,20.36
113.1,44.77,18.03,24.37,83.45,6.55,60.08,cotton,39.91
24.36,71.98,15.31,19.52,18.33,5.36,111.64,kidneybeans,30.89
118.29,47.93,24.44,19.92,77.1,7.03,103.17,cotton,40.9
94.53,61.18,49.56,25.88,87.1,6.33,52.31,watermelon,120.64
17.83,16.75,27.6,24.93,94.27,6.05,193.75,coconut,84.0
22.71,141.25,191.85,21.31,84.78,5.49,57.02,grapes,100.19
12.99,134.59,192.37,22.14,91.36,6.03,123.25,apple,62.0
49.1,59.87,47.44,33.46,94.01,6.5,143.13,papaya,144.41
80.03,52.23,39.54,23.37,81.9,5.95,269.38,rice,50.09
96.07,49.43,57.27,24.99,81.92,6.44,45.04,watermelon,135.37
118.13,30.13,28.98,25.99,59.35,6.09,170.32,coffee,24.1
20.75,139.61,205.0,22.7,97.89,5.6,132.35,apple,65.4
26.61,131.08,205.0,23.99,79.4,6.42,79.86,grapes,102.66
16.77,21.56,33.84,31.69,52.04,5.79,99.71,mango,76.55
18.38,15.97,27.23,22.16,94.99,5.77,178.63,coconut,81.37
17.32,75.16,17.45,25.95,57.62,6.34,46.97,lentil,24.09
18.74,43.71,19.58,28.16,85.31,6.31,57.95,mungbean,24.8
97.23,12.74,47.6,28.93,92.23,6.22,25.4,muskmelon,102.47
17.46,16.74,32.82,26.92,96.67,5.33,175.64,coconut,78.92
20.03,11.62,9.05,24.36,92.77,7.67,111.43,orange,65.79
78.16,17.16,59.59,28.85,96.4,6.44,23.81,muskmelon,114.29
18.71,14.23,10.31,20.46,94.75,7.07,120.11,orange,70.67
21.01,66.62,18.39,24.04,54.29,5.7,120.38,pigeonpeas,27.25
18.27,130.68,180.53,24.08,87.39,5.86,108.2,apple,68.38
46.09,66.81,77.74,19.9,20.82,7.37,61.51,chickpea,28.4
39.82,65.34,17.45,30.21,70.13,6.73,54.55,blackgram,24.31
85.63,27.49,30.52,25.91,56.99,7.22,124.78,coffee,22.02
21.5,68.64,20.52,17.74,25.72,6.15,90.57,kidneybeans,33.43
17.59,12.21,28.25,25.33,96.42,5.87,175.28,coconut,88.22
36.18,61.73,72.14,18.51,17.57,7.34,73.14,chickpea,29.95
21.54,52.51,20.63,28.09,50.51,7.24,56.01,mothbeans,22.57
27.51,45.57,12.82,27.96,59.85,6.7,47.37,mothbeans,23.76
23.84,125.14,204.73,21.43,81.95,5.83,77.95,grapes,99.07
41.29,66.34,69.51,15.61,18.64,7.17,69.87,chickpea,29.74
16.5,17.18,9.03,24.18,89.67,6.71,110.24,orange,66.15
11.92,69.23,19.8,24.02,64.78,7.42,54.7,lentil,25.73
38.72,64.83,19.1,31.5,66.25,7.05,79.99,blackgram,27.81
94.08,84.03,39.76,28.68,80.37,6.42,113.72,banana,199.45
24.4,14.55,29.91,24.91,94.14,5.84,182.09,coconut,79.09
23.57,17.96,10.56,23.58,90.41,6.61,120.87,orange,68.2
80.99,42.23,41.78,23.48,80.34,6.56,239.96,rice,51.05
16.44,38.23,23.76,29.69,87.53,6.6,44.06,mungbean,24.34
18.43,14.54,28.8,29.0,95.84,6.32,180.49,coconut,93.96
22.91,122.74,202.51,21.77,81.84,5.84,75.31,grapes,113.38
20.66,53.14,15.55,28.65,50.05,7.12,58.61,mothbeans,22.76
26.33,13.83,30.3,27.33,97.07,5.91,186.96,coconut,75.76
16.29,68.28,17.15,18.74,23.73,5.28,98.65,kidneybeans,29.78
20.84,19.52,33.99,26.29,93.4,5.68,172.42,coconut,89.87
22.78,48.97,18.12,24.8,57.23,7.05,48.97,mothbeans,22.08
96.09,72.88,44.87,28.54,77.5,5.9,103.35,banana,191.95
20.67,16.13,9.31,20.02,95.77,6.46,116.51,orange,70.94
99.89,56.69,56.76,25.14,86.49,6.4,58.38,watermelon,129.06
105.74,24.86,29.95,24.43,63.21,7.09,134.96,coffee,23.25
41.19,66.05,21.46,24.37,60.55,7.11,43.12,blackgram,24.56
102.42,18.05,48.66,25.56,96.48,5.99,22.25,muskmelon,100.77
92.98,28.3,28.95,24.05,61.27,6.9,140.23,coffee,22.41
95.81,19.55,38.09,26.79,95.34,6.14,24.4,muskmelon,104.68
20.66,134.45,194.48,20.01,91.51,5.87,109.0,apple,64.44
101.88,74.04,54.72,24.08,83.03,6.12,108.93,banana,200.43
78.41,45.77,19.04,22.4,60.82,5.7,103.34,maize,63.41
108.76,13.13,48.79,29.14,91.71,6.4,26.68,muskmelon,108.13
34.92,71.87,12.09,28.65,63.39,8.04,64.01,blackgram,23.47
23.78,134.0,205.0,20.85,91.29,6.04,118.74,apple,68.96
33.03,68.83,17.36,30.67,62.92,7.01,72.98,blackgram,26.11
15.44,51.83,19.98,30.44,59.28,7.1,43.9,mothbeans,23.12
100.7,61.42,60.74,24.03,82.25,6.97,52.49,watermelon,141.6
95.83,87.68,40.47,24.49,77.11,5.82,106.76,banana,186.78
113.42,63.82,44.11,23.19,82.86,6.55,57.52,watermelon,142.3
21.6,41.88,14.42,28.77,40.51,6.53,46.9,mothbeans,22.35
81.14,43.57,42.65,22.1,79.13,6.23,213.42,rice,49.12
19.08,15.02,30.57,27.45,93.95,6.01,158.13,coconut,83.59
18.54,27.07,31.47,31.49,50.34,5.57,91.62,mango,63.77
18.72,121.24,179.28,25.12,77.61,5.87,69.1,grapes,102.38
18.04,14.65,49.16,18.65,96.02,7.02,108.41,pomegranate,28.75
18.18,68.86,22.04,21.75,14.0,5.81,119.41,kidneybeans,33.85
24.09,129.4,202.95,20.94,87.18,6.9,82.16,grapes,104.43
78.2,49.53,40.82,24.34,82.99,7.07,171.1,jute,42.65
74.15,46.11,48.53,21.86,79.73,6.47,211.56,rice,54.78
106.96,50.44,20.28,20.31,84.63,7.19,74.09,cotton,37.96
16.27,42.97,21.83,27.17,79.0,6.26,46.01,mungbean,23.99
34.72,68.54,22.81,29.89,73.54,7.23,63.97,blackgram,26.05
19.0,61.35,18.56,19.03,19.53,6.09,105.41,kidneybeans,30.25
88.48,54.54,42.06,24.92,78.8,6.16,220.52,rice,50.66
26.05,134.07,201.14,25.63,76.71,6.08,77.96,grapes,113.41
16.07,142.58,186.96,25.4,92.37,6.46,114.55,apple,71.01
21.46,15.08,44.72,20.0,89.8,6.15,83.93,pomegranate,30.72
20.69,69.0,18.64,27.45,48.29,6.07,151.1,pigeonpeas,29.63
75.35,50.13,18.95,24.78,64.24,5.76,80.53,maize,73.35
74.94,47.55,18.91,24.05,65.85,6.6,78.03,maize,70.83
19.63,125.66,191.39,22.01,87.17,6.01,111.25,apple,58.74
20.89,65.3,16.23,23.86,51.75,5.93,156.4,pigeonpeas,25.49
19.72,19.67,24.41,26.32,98.07,5.89,184.0,coconut,81.24
24.26,59.12,19.02,29.14,51.67,6.03,159.39,pigeonpeas,25.49
41.58,64.58,49.65,31.43,90.85,6.35,134.93,papaya,130.41
47.42,54.79,51.28,33.51,94.83,6.56,134.16,papaya,153.85
40.8,63.24,81.54,19.03,15.41,7.19,70.48,chickpea,28.49
20.98,17.44,14.8,23.3,91.28,6.86,117.88,orange,67.46
80.97,46.71,42.35,25.81,78.76,6.06,228.5,rice,55.43
21.64,15.22,12.15,21.88,95.66,7.16,98.32,orange,62.1
16.9,70.19,21.74,19.56,53.25,7.07,51.0,lentil,25.88
24.26,28.43,32.32,29.78,45.81,5.81,104.92,mango,65.05
92.95,71.39,38.92,28.76,83.95,4.96,101.1,banana,194.85
105.4,89.58,55.29,25.17,86.15,6.06,123.84,banana,221.05
73.91,43.42,34.81,23.7,78.99,6.93,212.57,jute,48.49
22.32,124.35,197.84,20.0,77.08,5.89,67.26,grapes,100.8
47.93,58.19,50.65,33.52,98.79,6.06,161.62,papaya,143.15
24.45,134.64,192.27,22.34,94.3,5.71,93.53,apple,65.03
20.66,119.62,205.0,20.61,83.4,5.65,70.21,grapes,101.09
106.84,49.2,56.41,27.99,84.98,6.09,40.34,watermelon,136.07
112.15,49.6,21.55,24.84,78.45,6.85,68.67,cotton,41.49
19.81,70.03,22.09,22.68,20.75,5.79,110.39,kidneybeans,34.82
89.87,54.81,57.02,26.87,84.4,5.31,41.55,watermelon,135.41
14.99,61.87,20.42,28.76,44.05,5.93,163.68,pigeonpeas,26.37
18.41,64.57,16.72,25.23,66.93,7.25,57.24,lentil,26.28
96.42,16.37,47.83,27.76,87.63,5.8,30.19,muskmelon,97.17
103.73,79.68,57.14,28.91,82.93,5.97,90.91,banana,216.71
13.56,75.7,17.82,24.29,59.24,7.0,49.51,lentil,27.52
21.47,129.14,205.0,21.55,90.18,6.16,118.15,apple,68.16
17.65,72.11,20.05,20.77,18.57,5.63,110.11,kidneybeans,31.79
15.9,28.93,32.08,31.13,50.9,5.94,95.28,mango,67.15
79.12,35.88,18.72,21.8,66.97,6.52,90.03,maize,72.27
23.79,12.75,9.49,22.97,87.84,6.66,114.96,orange,61.8
21.55,23.99,30.89,32.14,41.16,5.89,71.25,mango,71.76
19.0,14.48,20.25,29.03,95.31,6.1,171.38,coconut,75.37
84.49,48.89,39.39,23.51,80.06,6.22,231.19,rice,56.46
20.34,18.5,10.91,24.3,91.46,6.75,86.71,orange,59.76
104.77,27.35,30.49,25.18,53.11,7.14,156.06,coffee,23.99
113.77,38.87,19.34,20.05,78.81,6.91,65.86,cotton,40.44
17.86,56.36,18.87,27.25,38.57,6.62,157.87,pigeonpeas,25.22
45.38,65.22,20.14,30.25,60.52,6.62,66.16,blackgram,26.12
114.67,9.83,56.49,30.59,90.59,6.41,23.61,muskmelon,99.17
22.06,47.33,19.49,30.07,88.75,6.02,42.2,mungbean,26.47
91.74,33.9,25.14,22.43,57.38,7.14,170.89,coffee,22.69
85.19,48.17,33.92,22.97,80.41,6.54,287.47,rice,51.37
101.45,14.08,43.96,30.79,92.54,6.35,25.1,muskmelon,107.09
40.52,70.54,44.23,35.63,89.84,6.78,115.24,papaya,135.23
40.08,58.74,51.37,29.42,93.51,6.99,135.97,papaya,132.71
19.58,44.09,17.56,27.19,88.27,6.48,44.67,mungbean,24.62
21.81,128.34,200.46,22.11,88.39,5.33,72.46,grapes,119.64
16.83,24.95,30.32,26.03,50.65,5.59,95.79,mango,72.59
21.3,47.46,23.11,24.29,78.69,5.8,48.84,mungbean,23.58
34.25,65.7,79.46,19.5,17.11,7.61,66.52,chickpea,30.6
78.98,55.89,17.93,22.99,69.47,6.28,110.98,maize,60.49
21.29,32.0,28.79,30.87,37.39,5.95,110.54,mango,63.65
21.14,18.94,41.84,22.64,92.17,6.24,87.14,pomegranate,29.65
18.87,19.67,26.79,27.04,95.71,5.98,196.43,coconut,82.44
21.59,30.5,26.21,34.07,46.2,6.05,109.91,mango,67.16
77.83,45.77,22.99,20.49,71.07,6.74,75.58,maize,68.93
21.1,17.32,36.53,30.97,98.61,6.98,188.95,coconut,78.38
19.84,47.75,21.82,29.17,53.01,6.47,47.14,mothbeans,22.48
116.97,80.61,48.9,25.35,77.8,5.65,113.32,banana,205.74
21.49,17.7,37.26,27.22,97.85,6.2,193.72,coconut,90.55
73.55,51.57,38.06,23.49,85.54,6.44,245.62,rice,52.64
22.09,68.29,21.25,30.26,49.23,5.09,151.74,pigeonpeas,25.33
104.49,31.63,31.87,27.0,54.41,7.55,153.43,coffee,21.9
44.75,59.71,80.68,19.03,14.0,7.91,77.62,chickpea,28.25
20.51,12.44,27.5,25.27,96.95,5.78,204.09,coconut,81.81
22.34,61.54,21.33,23.34,41.29,5.32,166.73,pigeonpeas,24.62
53.02,57.53,47.69,30.34,90.32,6.33,158.18,papaya,129.62
102.25,15.64,48.37,28.37,94.53,6.32,24.67,muskmelon,105.55
18.43,52.81,20.87,25.74,88.62,7.34,50.0,mungbean,23.36
90.11,47.27,40.87,21.65,75.88,5.74,266.59,rice,50.5
91.41,26.68,29.25,25.62,50.68,6.57,154.6,coffee,22.09
36.24,63.16,15.66,30.29,77.46,6.8,67.13,blackgram,25.54
15.79,18.38,41.9,24.83,88.46,6.63,103.31,pomegranate,32.09
25.03,121.83,202.73,21.91,93.6,5.4,125.46,apple,54.32
95.34,42.95,48.96,24.22,87.37,6.36,59.6,watermelon,136.96
39.28,64.32,77.39,14.4,19.32,7.6,68.3,chickpea,29.63
97.86,68.5,53.39,28.11,84.8,6.62,61.17,watermelon,147.11
106.22,82.84,35.28,29.49,74.7,6.15,114.97,banana,181.36
98.66,23.04,29.8,24.73,61.26,7.08,163.07,coffee,22.76
100.72,30.91,24.48,23.6,54.25,7.21,176.02,coffee,22.45
21.72,69.1,24.21,22.02,25.99,5.65,107.29,kidneybeans,29.21
23.25,48.05,22.99,28.61,58.94,6.47,62.86,mothbeans,21.81
95.78,49.94,46.6,21.15,85.86,6.72,44.79,watermelon,121.14
39.25,66.87,19.89,28.86,59.43,6.86,62.48,blackgram,25.51
97.39,72.82,55.28,29.06,78.85,6.41,91.65,banana,174.76
120.62,49.97,19.06,22.48,83.32,6.64,72.72,cotton,39.98
24.14,60.71,19.35,20.93,14.93,5.51,106.88,kidneybeans,27.97
90.28,44.54,15.27,19.12,61.15,6.47,92.04,maize,68.72
103.6,16.26,46.15,30.2,89.59,6.1,20.0,muskmelon,109.02
16.64,16.69,9.12,21.08,87.29,6.77,101.24,orange,67.03
20.62,23.18,38.71,20.28,85.88,7.54,117.32,pomegranate,30.09
75.15,53.59,17.99,24.02,58.95,4.7,63.87,maize,67.16
104.05,16.54,50.17,27.92,90.9,6.63,28.23,muskmelon,97.02
23.55,132.82,191.93,19.56,86.44,6.18,48.39,grapes,110.31
52.48,55.56,56.91,33.85,90.23,6.82,133.33,papaya,150.37
107.96,16.62,46.79,30.02,93.99,7.2,20.95,muskmelon,106.42
15.8,12.19,10.83,24.3,93.62,7.4,110.36,orange,66.43
104.62,13.07,51.24,25.21,89.25,6.52,32.84,muskmelon,99.26
73.3,40.51,38.74,25.66,88.92,6.85,144.64,jute,44.5
21.22,133.19,201.16,26.18,75.54,4.91,76.64,grapes,97.04
67.9,49.83,38.67,19.16,84.78,6.46,193.7,jute,44.87
83.38,42.22,41.41,24.54,81.65,7.05,149.83,jute,48.54
103.12,28.52,30.9,25.79,62.23,6.77,130.65,coffee,23.86
124.49,45.89,18.98,25.01,75.41,7.54,58.43,cotton,38.18
15.2,18.05,33.94,19.53,95.74,6.58,103.69,pomegranate,31.74
119.92,42.89,16.59,23.72,75.13,7.26,83.07,cotton,40.49
20.88,60.11,18.89,20.48,18.64,5.73,118.91,kidneybeans,30.43
20.84,13.41,13.48,21.77,88.5,6.78,111.75,orange,61.32
112.01,27.63,29.11,27.42,65.29,7.14,166.42,coffee,23.17
22.58,63.87,20.95,19.3,19.0,5.32,108.72,kidneybeans,33.76
25.57,136.34,205.0,24.94,85.79,5.56,68.99,grapes,106.72
23.79,120.32,194.53,27.04,79.96,5.65,64.21,grapes,99.97
41.81,72.81,79.56,17.31,16.61,7.4,57.36,chickpea,28.99
15.95,33.72,34.04,33.1,41.64,5.72,93.7,mango,76.44
17.23,17.89,36.91,20.14,85.61,7.58,115.44,pomegranate,24.27
42.41,70.1,50.74,38.47,89.65,6.99,146.31,papaya,147.42
16.63,69.74,19.4,21.0,27.96,5.41,89.55,kidneybeans,31.2
103.17,27.97,28.19,23.98,57.63,7.08,156.57,coffee,22.61
18.55,14.14,38.31,23.35,89.98,6.78,93.13,pomegranate,29.28
18.57,45.73,19.08,28.55,91.26,6.68,48.71,mungbean,24.18
51.31,59.2,53.37,33.36,91.84,6.28,144.01,papaya,124.03
23.22,67.19,17.91,19.59,18.45,4.94,89.77,kidneybeans,29.03
21.57,46.81,20.87,26.95,57.25,7.24,45.87,mothbeans,21.26
18.08,13.17,33.61,26.3,97.9,6.24,165.01,coconut,82.61
16.35,73.6,17.04,23.0,68.75,6.09,53.96,lentil,27.51
23.9,17.06,37.76,20.94,89.14,6.54,122.43,pomegranate,30.09
21.14,32.05,30.57,26.62,51.43,5.62,98.51,mango,75.49
18.99,66.47,25.59,24.57,54.47,7.37,51.12,lentil,25.35
41.44,67.15,16.55,29.48,58.32,7.74,55.91,blackgram,26.21
96.61,78.97,40.6,27.86,76.46,6.11,111.75,banana,206.27
100.57,50.66,45.75,26.83,89.33,6.58,50.74,watermelon,116.91
99.55,74.39,45.11,25.3,81.04,6.09,103.0,banana,192.23
99.37,63.67,46.67,26.23,87.05,6.29,54.46,watermelon,117.65
16.61,13.5,9.32,18.69,91.64,6.94,112.97,orange,75.18
85.9,45.21,20.11,22.61,65.22,5.53,109.67,maize,76.59
13.78,66.7,16.22,21.74,74.03,7.74,32.8,lentil,27.67
111.98,86.91,42.2,30.82,73.18,5.56,126.03,banana,204.95
24.46,69.67,22.56,19.1,18.95,6.4,94.72,kidneybeans,28.23
49.43,56.3,50.1,33.67,93.68,5.95,122.85,papaya,153.91
17.44,48.15,20.25,27.6,90.13,6.34,49.66,mungbean,26.87
23.91,20.01,33.9,26.5,94.73,5.88,157.18,coconut,78.09
124.92,42.54,17.84,18.38,81.4,6.94,69.76,cotton,41.62
21.75,17.25,38.65,22.33,93.98,6.58,108.7,pomegranate,30.74
42.22,62.15,54.78,35.65,97.71,5.81,147.92,papaya,135.74
77.75,41.6,25.05,21.4,63.1,6.08,92.95,maize,67.64
121.34,44.04,20.26,22.79,77.47,7.45,66.38,cotton,37.83
20.28,136.42,195.29,25.75,91.6,5.74,114.87,apple,60.51
24.26,128.34,194.31,23.51,76.58,5.93,69.49,grapes,108.82
113.23,29.43,31.47,26.24,61.39,6.83,163.0,coffee,24.33
104.34,31.25,29.86,26.59,52.41,6.39,162.88,coffee,22.34
93.81,55.15,47.47,24.09,87.59,6.82,63.84,watermelon,110.18
77.53,44.48,39.44,22.19,83.58,6.12,184.89,jute,44.15
47.07,61.82,23.33,28.83,67.23,6.59,69.26,blackgram,27.2
15.03,26.31,27.64,33.14,46.17,5.86,98.11,mango,77.84
111.16,42.83,15.71,21.31,82.92,7.38,92.33,cotton,36.76
76.22,39.32,42.28,22.67,84.13,6.51,249.09,rice,53.98
14.57,13.02,9.96,23.57,91.3,6.95,112.81,orange,62.37
23.88,127.19,188.81,21.46,87.02,6.75,61.49,grapes,106.46
36.5,66.02,14.86,30.06,66.71,7.39,64.14,blackgram,23.61
20.25,45.21,16.9,27.45,82.86,6.49,56.71,mungbean,26.23
98.44,61.83,51.47,21.96,83.64,6.49,51.61,watermelon,129.83
76.59,47.67,16.93,22.66,76.05,6.3,81.68,maize,63.05
20.71,67.11,16.99,21.02,60.75,7.28,35.34,lentil,23.63
19.87,65.43,24.23,22.96,15.38,5.67,118.85,kidneybeans,31.8
18.43,145.0,196.64,19.45,75.47,5.47,69.09,grapes,100.63
68.65,46.23,38.74,24.96,83.0,6.17,284.92,rice,53.75
24.92,19.27,11.05,21.84,93.84,6.93,106.31,orange,64.87
52.77,66.55,73.65,16.91,15.22,7.09,75.66,chickpea,30.5
20.92,122.04,196.46,21.56,78.83,5.79,57.96,grapes,102.25
89.07,19.27,44.49,26.11,83.6,6.84,23.25,muskmelon,109.79
23.23,116.34,205.0,19.7,91.41,6.1,129.31,apple,58.81
14.38,67.89,16.84,19.75,64.94,6.98,47.65,lentil,24.71
19.56,47.03,25.57,25.75,54.31,6.73,60.17,mothbeans,24.71
19.23,41.74,20.38,26.07,58.38,7.42,61.18,mothbeans,19.96
81.24,46.59,19.76,22.88,64.51,6.09,109.07,maize,64.02
41.13,68.6,76.16,16.72,14.19,7.13,67.02,chickpea,30.62
19.01,15.25,38.17,21.68,94.41,6.51,131.03,pomegranate,27.98
94.35,58.68,53.42,26.71,83.66,5.98,46.22,watermelon,122.69
16.7,9.31,10.66,23.88,93.88,7.17,110.68,orange,66.74
22.18,48.97,19.83,26.88,60.48,6.81,49.16,mothbeans,22.82
73.84,49.71,19.92,20.62,73.36,5.73,94.04,maize,71.72
22.16,78.6,18.4,22.57,53.47,5.76,131.24,pigeonpeas,26.63
17.39,16.63,35.46,21.35,86.79,6.57,101.07,pomegranate,27.6
20.4,62.18,13.68,25.72,48.25,5.31,152.65,pigeonpeas,27.93
25.03,133.15,198.44,23.45,83.55,5.56,78.94,grapes,94.14
21.58,45.01,16.73,24.65,54.48,6.51,55.99,mothbeans,21.35
19.96,73.19,16.95,21.19,21.57,6.31,83.18,kidneybeans,30.66
19.83,55.25,19.8,28.59,46.03,6.67,57.89,mothbeans,21.88
76.78,40.59,41.37,24.29,84.54,6.61,168.89,jute,49.81
21.04,128.48,193.95,20.5,91.13,6.11,114.64,apple,64.06
108.18,49.69,20.41,22.29,79.22,7.27,90.33,cotton,38.96
14.59,66.26,11.86,25.14,74.96,7.0,60.34,lentil,26.29
111.54,29.28,30.74,24.53,62.11,7.31,160.53,coffee,22.78
100.81,81.77,53.06,24.15,88.21,6.32,87.94,banana,200.06
24.12,122.68,205.0,26.6,80.13,6.2,62.54,grapes,91.06
19.77,44.38,22.23,29.59,90.96,6.62,33.26,mungbean,25.53
50.84,55.28,45.6,31.86,97.5,7.34,160.36,papaya,132.87
72.39,51.25,23.24,21.7,62.09,6.22,87.17,maize,75.06
90.66,32.34,32.62,24.65,64.53,6.68,164.73,coffee,22.73
97.92,59.5,44.62,24.44,86.08,6.6,55.93,watermelon,133.25
22.27,62.48,19.77,22.01,50.76,6.48,153.04,pigeonpeas,25.73
42.45,63.75,22.28,26.66,61.41,6.96,62.14,blackgram,24.0
19.26,47.85,18.46,29.04,87.52,6.6,54.16,mungbean,23.81
47.76,63.24,76.78,20.14,15.7,7.04,78.23,chickpea,28.15
21.28,62.31,21.71,25.75,45.4,6.38,125.0,pigeonpeas,25.85
75.82,43.61,41.12,24.43,87.06,6.73,250.22,rice,53.52
110.67,26.46,29.6,21.48,57.69,7.7,137.02,coffee,22.24
105.76,26.69,32.96,24.63,63.59,6.63,137.75,coffee,23.13
73.41,57.41,14.99,22.84,58.15,6.61,94.79,maize,59.76
20.51,21.22,7.5,23.74,92.39,7.26,117.81,orange,57.13
106.88,18.38,44.23,26.36,98.53,6.97,20.0,muskmelon,100.78
23.71,122.58,196.68,19.91,91.97,5.26,127.07,apple,59.95
53.33,55.83,48.79,32.34,90.49,6.35,146.67,papaya,143.45
46.86,64.76,17.21,25.5,63.41,7.71,73.21,blackgram,24.48
101.58,59.24,51.13,24.85,84.17,6.98,57.88,watermelon,133.77
42.19,69.76,76.54,20.27,19.7,7.49,72.18,chickpea,32.09
18.83,17.95,11.3,20.91,92.43,7.6,135.65,orange,58.91
22.67,21.73,36.35,20.51,95.98,6.97,96.24,pomegranate,29.01
47.53,58.64,57.6,34.22,89.41,6.64,132.03,papaya,150.45
24.78,139.66,205.0,21.09,91.08,5.9,120.82,apple,62.26
22.16,61.44,14.11,19.43,17.36,5.74,126.82,kidneybeans,30.16
19.48,62.41,20.93,18.24,19.9,6.08,93.21,kidneybeans,33.49
93.45,63.45,54.26,18.96,85.71,6.75,48.62,watermelon,113.55
82.62,45.88,40.29,26.03,80.1,6.39,174.49,jute,44.95
21.45,21.85,29.42,30.83,45.5,5.61,96.29,mango,69.85
25.1,16.65,44.21,24.49,90.94,6.63,113.92,pomegranate,31.61
40.72,69.26,14.15,32.31,58.61,7.04,77.1,blackgram,27.0
115.48,39.26,20.65,18.4,76.59,6.4,65.45,cotton,42.57
23.37,77.28,18.67,18.52,24.81,6.33,98.88,kidneybeans,31.54
18.42,13.17,32.99,30.18,91.8,7.16,191.65,coconut,78.07
80.45,47.24,43.82,24.24,77.4,6.3,241.6,rice,52.37
21.55,64.96,22.38,27.14,59.37,6.69,45.55,lentil,27.22
74.01,44.59,21.43,22.56,68.05,6.86,77.68,maize,61.16
45.27,75.2,78.19,17.89,19.4,6.86,77.37,chickpea,28.58
112.02,19.03,47.05,28.79,90.12,6.94,24.99,muskmelon,107.31
20.7,15.31,11.4,20.83,96.02,7.09,92.36,orange,64.34
18.2,16.46,42.3,21.24,87.96,6.05,98.84,pomegranate,27.74
35.97,75.06,80.73,20.11,17.05,7.81,46.96,chickpea,27.1
20.35,68.41,16.07,22.0,77.21,6.18,51.59,lentil,26.32
82.92,49.22,20.67,23.19,67.84,5.81,90.89,maize,63.44
16.02,62.74,24.37,20.25,14.0,6.22,111.62,kidneybeans,34.0
18.44,16.04,29.23,28.75,91.81,6.42,152.27,coconut,84.57
93.12,21.66,40.94,30.35,92.8,6.03,31.16,muskmelon,101.89
98.06,61.13,41.81,27.11,81.65,7.17,52.77,watermelon,134.35
23.89,45.4,19.72,29.18,45.24,6.68,52.97,mothbeans,22.17
76.93,45.18,23.14,23.4,73.14,6.09,93.82,maize,55.78
85.23,49.25,26.23,23.74,61.41,6.7,90.47,maize,65.02
16.75,48.01,24.07,25.69,41.85,7.28,46.69,mothbeans,21.66
47.49,62.32,80.01,22.15,14.0,7.31,66.51,chickpea,30.63
41.91,63.98,22.59,29.16,63.62,7.18,86.8,blackgram,27.65
83.61,46.34,33.04,18.49,80.9,6.64,160.04,jute,45.96
46.31,62.49,54.51,30.93,95.67,6.88,144.24,papaya,134.53
21.54,69.41,17.42,20.01,27.82,5.8,100.34,kidneybeans,33.22
93.72,18.82,46.86,27.38,91.09,7.04,24.1,muskmelon,122.1
19.44,14.42,8.64,23.24,95.21,6.71,126.44,orange,67.72
37.96,68.97,11.69,28.53,67.4,7.02,59.06,blackgram,26.79
15.7,60.1,20.66,22.09,65.46,6.16,46.09,lentil,25.94
83.85,44.59,20.16,22.64,69.19,6.07,87.21,maize,72.33
20.57,44.14,16.76,28.27,55.72,6.67,42.56,mothbeans,22.43
17.65,15.53,43.1,21.02,82.51,7.07,96.3,pomegranate,30.93
22.42,51.54,17.09,29.41,54.74,7.07,61.49,mothbeans,23.8
98.03,71.01,50.48,21.74,82.08,6.62,64.84,watermelon,121.92
115.21,58.94,47.35,25.78,79.65,6.94,41.58,watermelon,123.24
21.59,51.16,23.21,28.25,84.93,7.37,47.22,mungbean,23.1
88.14,43.79,44.22,23.92,82.14,6.63,263.11,rice,50.18
110.93,18.95,49.29,27.99,89.74,6.69,20.0,muskmelon,105.58
18.87,67.89,20.4,29.15,51.95,6.32,173.8,pigeonpeas,25.2
77.6,48.62,36.25,23.18,83.87,6.21,273.54,rice,55.75
106.46,25.52,29.95,25.03,52.41,6.85,193.52,coffee,23.02
29.44,47.62,26.59,24.84,53.5,6.88,50.72,mothbeans,21.68
40.27,68.84,78.41,20.2,16.84,7.59,54.33,chickpea,30.92
107.97,81.87,49.57,26.13,75.58,5.98,124.97,banana,206.47
16.15,49.53,18.23,31.9,55.76,6.17,49.19,mothbeans,22.53
39.68,67.35,75.71,18.54,14.0,7.37,92.76,chickpea,30.57
17.8,59.17,15.61,23.44,64.79,6.9,39.86,lentil,28.38
101.44,50.93,44.42,18.53,84.06,6.07,43.12,watermelon,112.17
20.89,28.38,29.69,29.92,40.37,6.37,99.57,mango,68.85
81.91,40.8,37.37,23.56,79.17,6.78,169.18,jute,46.87
56.03,60.95,48.47,28.8,89.68,6.15,135.49,papaya,110.03
13.85,59.25,16.44,20.86,74.36,7.42,49.23,lentil,25.35
44.19,66.42,50.1,33.38,91.76,6.74,164.29,papaya,139.03
92.08,60.06,51.23,25.87,79.65,5.99,46.02,watermelon,116.83
44.87,63.94,75.63,20.25,18.46,6.66,79.79,chickpea,29.15
17.52,42.88,23.14,23.85,81.1,6.75,54.28,mungbean,24.19
99.39,17.43,48.84,25.55,91.5,6.26,28.61,muskmelon,105.29
23.05,66.37,21.8,20.74,28.33,5.97,98.0,kidneybeans,32.73
16.34,49.73,17.88,27.92,87.28,6.76,57.17,mungbean,24.95
45.52,57.41,53.82,33.81,93.03,6.63,141.38,papaya,152.18
20.85,72.52,14.67,25.84,58.49,5.55,138.95,pigeonpeas,26.7
24.7,38.45,23.62,29.68,57.28,6.9,49.47,mothbeans,22.91
102.61,29.47,31.84,24.39,56.84,6.76,147.91,coffee,22.64
17.46,49.35,19.44,27.48,83.88,7.13,56.41,mungbean,25.73
103.15,55.66,54.02,25.15,81.46,6.65,63.5,watermelon,127.84
22.8,142.86,205.0,23.12,73.09,5.48,54.1,grapes,105.73
45.12,71.04,87.47,17.43,20.96,7.75,67.0,chickpea,29.44
100.08,67.59,40.55,25.4,91.82,6.39,61.46,watermelon,134.98
15.9,31.48,32.17,31.68,47.83,5.95,93.87,mango,69.39
24.29,12.59,9.68,22.63,95.17,6.7,100.06,orange,62.39
19.04,12.36,9.3,23.64,92.09,6.35,98.9,orange,62.93
78.57,50.29,46.53,23.34,83.84,5.58,230.9,rice,52.89
75.73,49.35,38.11,21.49,83.94,6.09,267.86,rice,53.94
18.78,130.85,205.0,23.25,79.02,5.71,70.46,grapes,103.75
78.83,57.23,19.48,21.65,61.75,6.47,89.8,maize,65.29
22.55,47.78,24.31,24.68,58.87,6.99,55.19,mothbeans,21.66
17.71,72.41,21.89,26.86,57.83,7.44,46.23,lentil,27.21
122.39,37.03,14.8,23.22,82.41,6.74,71.48,cotton,42.43
75.99,49.86,32.19,23.23,77.73,6.5,250.26,rice,56.73
20.88,117.71,198.39,22.08,92.95,6.03,109.27,apple,66.57
16.18,19.44,10.01,23.31,92.41,6.99,92.94,orange,64.79
22.66,139.46,203.22,22.03,79.89,6.51,64.73,grapes,97.0
15.32,72.53,16.97,27.14,52.02,5.99,148.04,pigeonpeas,27.36
18.42,15.81,27.92,29.11,94.5,5.42,170.96,coconut,79.23
101.39,28.98,34.08,21.25,52.87,6.7,183.62,coffee,23.37
20.58,14.44,9.64,20.16,94.69,7.55,103.51,orange,69.03
20.51,18.37,8.5,22.32,89.13,7.37,115.23,orange,70.15
21.45,62.37,21.79,21.79,16.59,5.49,103.88,kidneybeans,31.07
121.85,41.11,20.4,22.87,78.36,7.46,92.21,cotton,38.33
96.56,56.49,53.36,25.82,88.98,6.64,46.42,watermelon,131.84
90.86,87.27,47.84,26.68,83.32,5.77,100.93,banana,242.93
96.68,80.36,50.03,26.57,76.93,5.55,89.07,banana,190.61
91.49,17.88,48.09,25.77,90.65,6.5,25.14,muskmelon,111.61
16.95,15.7,11.05,19.09,96.38,7.03,99.27,orange,64.59
20.23,137.63,203.8,23.13,81.86,5.49,67.52,grapes,95.0
14.95,46.06,19.39,29.95,80.91,6.1,48.83,mungbean,25.5
22.61,62.52,21.39,20.51,22.63,6.19,86.83,kidneybeans,29.3
22.28,135.25,187.78,19.18,88.94,5.38,77.4,grapes,95.48
77.21,52.81,37.6,23.28,82.93,6.71,271.05,rice,53.23
81.25,44.73,35.69,24.19,84.06,6.42,233.48,rice,54.83
55.74,55.25,47.66,31.4,94.43,6.53,141.48,papaya,122.08
20.05,43.62,21.56,30.07,47.34,7.36,61.09,mothbeans,19.61
39.61,60.93,13.98,27.28,65.58,6.79,64.72,blackgram,23.64
84.59,44.14,38.06,21.5,79.62,6.24,237.18,rice,61.36
24.05,50.93,24.87,26.62,85.9,6.56,51.73,mungbean,24.14
18.36,65.34,18.09,24.02,22.4,5.47,100.04,kidneybeans,35.15
41.56,69.78,15.25,30.29,64.26,7.32,65.34,blackgram,27.25
19.81,48.79,26.83,29.38,99.68,6.78,47.58,mungbean,25.12
83.6,47.7,42.06,22.11,81.57,6.05,211.11,rice,58.67
19.51,61.15,20.27,21.2,73.36,6.71,44.36,lentil,25.75
100.67,78.65,53.38,29.57,81.33,5.78,91.5,banana,193.74
19.61,71.88,20.57,19.33,28.62,5.46,100.89,kidneybeans,33.51
85.34,41.72,37.39,20.89,79.18,6.32,234.91,rice,50.86
51.36,58.81,49.24,31.85,91.77,6.93,166.99,papaya,130.29
79.11,41.2,22.69,23.23,61.49,6.01,67.94,maize,70.9
17.93,77.44,22.71,19.59,18.84,5.05,119.37,kidneybeans,29.95
110.67,80.48,55.68,27.46,74.61,6.07,85.74,banana,195.75
48.25,71.75,78.8,20.17,15.9,6.8,68.93,chickpea,30.33
39.69,71.24,84.38,19.0,14.0,6.9,68.48,chickpea,30.61
21.31,24.04,29.1,30.14,48.5,5.81,112.21,mango,77.78
115.11,16.97,55.86,26.93,92.05,5.83,24.03,muskmelon,106.55
97.45,50.03,51.37,26.94,79.88,6.05,46.95,watermelon,115.32
35.81,67.7,14.44,30.04,60.64,7.48,72.36,blackgram,24.96
109.23,85.86,59.87,28.85,82.14,5.73,133.15,banana,191.99
73.44,52.34,35.79,22.2,84.47,6.42,165.37,jute,48.82
110.69,27.21,30.44,22.99,57.01,6.72,149.2,coffee,21.3
16.58,16.61,31.49,28.75,94.27,6.42,194.48,coconut,75.27
99.5,51.75,21.65,23.54,74.21,6.85,78.58,cotton,39.75
23.35,48.83,23.54,25.85,57.73,7.73,57.17,mothbeans,21.4
37.43,66.9,84.72,17.07,17.91,7.57,53.3,chickpea,27.1
23.5,53.99,22.48,29.82,89.86,6.57,55.05,mungbean,25.88
53.54,47.15,54.27,33.22,96.12,6.88,147.9,papaya,128.05
12.48,53.09,21.51,28.4,50.19,6.55,57.7,mothbeans,22.92
118.92,40.35,13.94,21.78,78.94,7.2,90.8,cotton,41.95
17.88,45.51,19.01,28.16,88.85,6.92,49.73,mungbean,23.57
97.84,19.07,53.05,22.18,95.98,6.0,20.0,muskmelon,105.79
83.42,79.18,44.38,26.63,81.91,5.84,100.89,banana,217.29
18.61,125.27,197.34,18.29,91.67,6.36,129.63,apple,61.79
76.12,43.1,36.29,23.78,87.89,6.52,224.53,rice,51.61
115.59,16.16,56.04,26.06,95.92,6.67,21.43,muskmelon,117.67
74.79,47.86,37.64,21.02,82.23,6.59,214.38,rice,53.55
20.57,43.24,20.09,26.99,90.46,7.25,51.35,mungbean,25.85
100.02,52.19,48.98,27.35,82.15,6.47,52.65,watermelon,118.7
109.93,53.55,16.5,22.05,77.07,7.22,103.53,cotton,36.79
41.61,59.97,84.79,16.06,16.0,7.22,55.74,chickpea,27.72
100.03,57.83,50.91,24.51,83.16,6.18,58.53,watermelon,124.81
21.42,71.62,21.66,21.25,21.78,5.26,100.25,kidneybeans,32.53
96.62,64.7,56.07,21.86,90.74,6.34,46.17,watermelon,111.84
23.23,18.15,31.52,28.53,94.12,5.8,192.04,coconut,73.83
16.62,63.91,16.19,25.04,67.38,7.26,45.35,lentil,23.09
14.59,144.46,201.57,24.27,85.0,6.13,84.16,grapes,104.98
21.38,11.56,8.83,19.34,90.24,7.02,106.07,orange,71.37
77.07,46.46,23.95,21.62,58.78,5.99,100.94,maize,62.92
78.31,40.57,42.02,23.37,75.8,6.61,230.81,rice,51.33
85.27,40.38,21.31,19.71,64.35,5.01,61.4,maize,70.69
38.07,69.05,68.18,17.79,14.0,6.82,63.44,chickpea,31.72
74.94,44.28,48.49,24.29,79.04,6.87,230.62,rice,50.42
19.75,37.48,15.37,28.05,49.19,7.13,63.93,mothbeans,21.83
81.17,46.02,38.24,23.15,80.41,5.65,182.98,rice,50.37
112.93,47.9,47.7,24.18,82.8,5.5,52.31,watermelon,119.78
18.71,16.05,26.42,26.52,92.01,5.37,145.05,coconut,74.12
83.22,47.76,26.23,18.86,69.78,5.7,80.2,maize,67.96
73.01,51.54,15.61,19.54,62.23,5.85,104.29,maize,65.0
16.93,76.7,16.53,26.46,57.63,7.06,36.15,lentil,25.29
38.4,82.49,14.29,31.31,59.28,6.53,58.71,blackgram,26.31
72.98,40.76,21.2,25.23,64.56,5.89,95.33,maize,69.61
77.68,49.5,40.45,21.74,81.62,6.54,250.43,rice,54.08
81.37,43.1,40.85,24.01,80.16,7.29,182.5,jute,46.39
19.97,19.56,27.57,23.4,95.45,6.23,154.45,coconut,84.11
23.3,54.55,22.68,28.38,54.12,7.68,52.03,mothbeans,22.87
21.02,19.52,28.6,27.42,93.55,6.36,134.87,coconut,87.79
17.88,15.61,38.75,23.73,96.17,7.54,106.32,pomegranate,31.81
76.06,55.2,16.64,26.88,57.93,5.92,92.06,maize,67.72
44.75,67.95,84.82,20.25,14.69,7.26,71.11,chickpea,31.55
108.22,54.37,50.53,25.67,86.14,7.24,55.59,watermelon,129.17
21.32,65.58,19.67,28.37,50.29,4.93,165.36,pigeonpeas,27.12
107.33,50.51,48.06,20.5,84.18,6.84,54.1,watermelon,114.21
15.91,71.43,18.67,28.13,61.91,7.97,59.67,lentil,24.87
100.09,19.93,50.54,28.94,90.9,6.37,23.47,muskmelon,95.0
80.57,47.61,41.23,25.03,81.43,6.01,210.98,rice,55.76
95.8,29.74,30.71,25.16,70.42,7.35,149.12,coffee,21.73
22.01,66.71,13.9,21.67,64.37,7.02,51.44,lentil,25.81
35.97,74.06,23.33,25.84,56.53,6.87,68.53,blackgram,24.9
97.31,16.92,51.68,28.92,91.14,6.16,23.33,muskmelon,102.79
78.48,48.14,20.18,26.18,65.61,5.91,99.23,maize,65.38
16.16,74.0,26.82,31.19,51.11,6.12,134.45,pigeonpeas,28.1
63.28,48.11,36.07,26.23,86.93,6.73,207.85,rice,54.96
14.98,49.23,17.1,32.08,56.78,7.63,59.85,mothbeans,23.74
105.4,14.45,52.01,26.66,93.43,6.86,23.58,muskmelon,103.56
117.08,18.44,50.08,27.74,89.03,6.37,25.42,muskmelon,96.1
29.01,121.78,189.81,21.59,84.29,6.03,78.55,grapes,98.51
14.66,19.07,39.92,16.24,84.75,6.38,101.62,pomegranate,27.53
99.68,54.18,56.5,24.13,83.51,6.19,52.73,watermelon,116.77
85.33,53.3,41.45,27.0,73.54,6.49,176.24,jute,45.47
131.33,49.98,27.62,24.17,80.47,7.12,79.1,cotton,39.11
130.35,36.42,22.65,26.77,82.24,6.57,87.5,cotton,42.39
40.03,62.09,18.0,29.07,63.17,6.6,66.42,blackgram,24.86
17.95,20.5,43.23,21.34,89.22,6.95,103.78,pomegranate,30.73
20.08,63.0,22.27,19.09,19.46,5.25,81.59,kidneybeans,32.48
38.39,58.92,81.17,14.99,27.04,7.07,80.31,chickpea,29.8
56.36,64.49,43.28,31.69,90.46,6.89,108.77,papaya,138.33
37.98,66.12,85.76,17.7,15.46,6.8,76.2,chickpea,26.89
90.0,57.15,59.05,22.78,82.62,6.42,52.96,watermelon,133.88
96.01,11.61,49.38,27.49,92.02,6.69,24.03,muskmelon,93.76
82.45,48.93,18.55,21.88,66.39,5.85,88.22,maize,70.96
95.59,28.43,30.13,26.63,59.51,7.17,162.39,coffee,22.41
20.7,38.66,15.33,26.01,88.49,6.67,45.0,mungbean,24.04
50.36,72.01,81.56,17.9,16.62,6.64,82.22,chickpea,29.37
53.56,62.73,43.58,32.23,94.76,6.52,125.84,papaya,125.32
108.32,32.16,32.12,27.32,66.79,6.81,148.57,coffee,23.56
76.65,47.69,41.43,24.77,86.57,6.82,247.86,rice,50.6
97.56,19.2,62.21,28.86,85.63,6.16,22.18,muskmelon,99.15
72.65,48.89,37.39,21.98,84.15,5.92,227.46,rice,47.54
77.65,48.9,45.08,21.47,85.58,7.28,169.48,jute,46.53
124.33,46.67,22.97,24.32,69.26,7.13,82.4,cotton,46.26
20.69,70.39,18.84,24.78,52.91,6.37,146.75,pigeonpeas,26.07
39.33,69.25,16.56,30.6,75.89,7.43,68.12,blackgram,28.81
105.89,12.86,45.93,29.13,90.28,5.78,23.2,muskmelon,100.71
19.31,15.15,30.38,25.87,96.05,5.14,202.99,coconut,81.82
81.98,41.34,41.43,21.76,77.22,6.77,251.14,rice,51.61
26.47,12.44,7.32,20.8,91.99,7.05,149.24,orange,66.25
16.54,27.64,33.22,33.04,47.62,6.14,90.28,mango,77.57
21.46,28.69,30.92,34.06,51.24,5.89,90.33,mango,69.94
109.1,15.45,46.43,30.22,91.91,6.35,20.12,muskmelon,111.24
87.87,42.72,46.34,19.81,77.18,6.65,225.51,rice,54.31
21.91,127.93,200.52,23.34,95.85,6.26,117.8,apple,71.78
15.98,52.51,20.12,25.4,77.65,7.73,47.53,mungbean,22.27
39.78,59.03,52.21,34.55,90.75,6.38,150.5,papaya,141.48
94.97,85.77,50.1,26.25,82.66,5.93,78.57,banana,195.94
49.99,76.44,17.09,30.95,67.88,6.75,64.38,blackgram,26.8
100.08,15.62,52.82,26.1,97.42,6.61,25.62,muskmelon,98.58
18.78,131.38,189.13,24.79,86.4,6.12,116.72,apple,67.47
23.88,15.34,31.25,26.2,94.98,6.08,146.3,coconut,80.51
46.42,53.29,57.58,32.65,93.74,6.78,133.3,papaya,147.39
17.14,72.5,21.31,26.0,52.91,5.74,135.61,pigeonpeas,28.94
73.46,54.85,45.26,24.0,82.67,6.45,199.46,jute,50.63
16.48,136.51,205.0,21.29,96.61,5.68,111.77,apple,66.72
17.58,133.16,205.0,19.63,89.24,5.86,121.25,apple,65.72
75.83,48.96,22.09,24.22,65.24,6.27,96.95,maize,67.67
20.68,47.77,20.25,26.16,81.97,6.17,43.31,mungbean,25.76
22.43,145.0,205.0,22.54,87.68,5.79,125.59,apple,64.56
15.56,66.3,20.12,22.38,57.52,6.91,48.17,lentil,26.17
17.9,125.49,188.93,21.87,81.49,5.83,85.86,grapes,100.37
72.36,51.63,27.03,22.84,79.9,6.75,235.34,rice,60.61
108.36,60.82,40.73,23.59,82.36,5.82,49.3,watermelon,108.73
14.7,69.99,16.75,23.47,65.16,6.31,53.35,lentil,24.93
20.49,134.14,205.0,20.0,88.53,6.08,106.71,apple,70.12
21.97,133.59,205.0,24.38,84.54,6.01,74.91,grapes,106.56
37.33,70.08,75.1,18.48,14.0,7.19,71.19,chickpea,32.0
80.46,42.65,22.65,22.03,58.88,5.26,77.18,maize,69.0
103.52,86.09,46.83,25.82,82.28,5.62,129.45,banana,207.79
15.86,66.75,18.38,16.9,18.66,6.49,124.58,kidneybeans,31.43
20.41,18.44,9.75,21.14,90.8,6.37,103.07,orange,66.69
19.79,26.56,31.21,31.5,49.93,6.36,83.33,mango,74.41
108.87,30.16,28.06,27.16,53.38,7.38,113.63,coffee,22.8
49.37,49.1,50.96,34.47,91.37,7.28,153.22,papaya,128.32
24.88,129.58,203.19,26.03,84.67,5.64,61.39,grapes,105.91
26.82,129.59,199.7,24.0,80.79,6.1,73.01,grapes,108.99
22.96,16.19,32.9,23.97,89.14,6.0,178.54,coconut,85.58
138.37,44.9,23.96,23.73,73.17,5.84,72.26,cotton,37.23
82.26,46.7,55.41,22.7,83.54,6.07,265.92,rice,59.5
14.43,66.32,18.76,26.93,46.84,5.21,127.5,pigeonpeas,24.48
43.59,63.13,27.11,32.34,70.7,7.31,67.37,blackgram,26.93
38.82,73.87,74.98,20.75,14.0,7.05,76.64,chickpea,30.63
15.34,66.65,21.15,24.12,61.36,6.79,40.54,lentil,27.44
14.24,66.68,21.84,20.36,22.53,6.66,106.72,kidneybeans,33.45
23.33,131.9,187.03,20.34,96.23,5.26,96.61,apple,71.29
14.19,14.85,32.5,19.4,88.5,6.21,126.67,pomegranate,30.3
17.96,19.42,32.82,20.85,100.0,7.15,118.55,pomegranate,28.86
82.97,41.94,41.01,27.0,79.19,7.43,152.76,jute,48.44
99.23,21.03,54.13,25.03,91.81,5.19,20.0,muskmelon,91.81
19.29,61.23,25.09,27.47,47.2,5.93,142.22,pigeonpeas,26.12
76.51,44.24,45.39,22.08,78.8,7.04,148.52,jute,44.65
72.26,50.23,33.36,24.8,70.46,6.61,179.97,jute,48.83
20.13,28.6,34.48,31.55,58.94,6.19,86.78,mango,81.66
16.25,14.42,37.53,19.26,93.04,5.94,72.8,pomegranate,28.63
20.91,44.88,16.73,25.27,58.36,6.36,58.5,mothbeans,20.32
40.93,67.49,17.23,33.46,69.09,7.48,71.6,blackgram,26.79
83.43,47.91,36.83,21.77,83.15,6.73,229.28,rice,47.74
19.59,69.09,20.16,27.3,62.37,6.88,57.24,lentil,29.02
43.46,67.22,18.64,27.41,62.88,6.88,64.36,blackgram,24.32
18.93,48.02,19.77,27.37,55.5,7.21,28.34,mothbeans,22.86
26.81,135.57,205.0,23.74,79.78,5.98,71.14,grapes,98.31
94.73,66.34,49.86,22.09,82.62,6.76,45.06,watermelon,123.69
16.64,59.45,16.63,27.33,88.79,6.99,43.79,mungbean,24.95
115.61,38.14,21.81,21.23,66.85,7.3,93.19,cotton,37.38
47.85,59.45,46.62,36.66,89.18,6.5,151.72,papaya,142.63
100.74,54.39,49.7,28.16,86.13,6.43,38.05,watermelon,129.37
17.78,26.56,25.55,27.59,46.18,5.74,74.13,mango,69.29
112.02,85.51,40.76,29.29,79.68,5.32,101.54,banana,196.33
17.64,65.5,20.78,19.65,14.0,5.15,107.43,kidneybeans,28.64
19.89,51.48,24.82,27.7,82.26,6.58,51.0,mungbean,26.25
95.29,18.03,51.74,28.79,91.01,7.38,21.92,muskmelon,119.08
17.16,14.23,27.2,29.72,92.12,6.22,166.67,coconut,80.11
20.72,67.02,22.67,18.48,20.08,5.61,107.45,kidneybeans,31.75
18.24,16.59,38.53,18.55,88.06,5.81,116.72,pomegranate,28.05
40.19,77.49,14.5,29.79,65.67,7.88,78.19,blackgram,25.55
42.83,65.59,17.74,29.88,65.35,6.64,77.69,blackgram,26.13
109.49,49.69,41.67,22.75,83.45,6.63,51.0,watermelon,103.62
115.88,81.27,53.94,27.78,80.6,6.18,90.99,banana,189.45
12.85,18.63,43.79,18.83,93.0,6.86,125.32,pomegranate,31.95
83.16,25.06,29.29,23.39,57.36,5.99,172.61,coffee,21.22
38.03,57.76,50.56,33.16,89.77,7.35,152.62,papaya,121.23
71.06,48.54,39.82,24.31,82.01,6.91,161.17,jute,42.24
19.9,11.93,27.98,28.72,96.6,5.79,184.42,coconut,91.73
18.2,18.16,8.74,20.29,94.76,6.76,121.01,orange,67.39
23.12,15.03,36.3,30.3,92.02,6.35,159.77,coconut,92.46
108.85,62.65,54.65,20.42,82.79,6.08,53.92,watermelon,119.43
24.04,128.73,196.55,24.57,94.76,5.91,130.08,apple,61.89
56.73,50.08,51.45,34.47,89.17,6.91,151.9,papaya,133.26
77.86,19.74,48.15,28.67,86.53,6.12,29.11,muskmelon,104.3
102.53,16.32,66.44,30.14,92.3,6.37,24.14,muskmelon,99.95
121.74,49.88,23.62,23.2,76.27,7.15,71.98,cotton,39.84
23.58,123.39,205.0,21.22,78.32,5.72,74.28,grapes,102.86
76.36,43.05,45.65,29.46,81.28,6.82,172.42,jute,49.26
84.28,35.57,38.5,24.69,83.15,7.53,164.02,jute,43.85
22.77,135.35,205.0,23.62,79.78,5.42,80.62,grapes,98.9
25.5,68.52,19.43,23.16,60.93,6.68,31.27,lentil,27.57
67.07,57.88,38.46,21.79,85.36,6.86,261.43,rice,55.07
14.7,25.02,25.21,32.26,44.99,5.56,72.7,mango,68.14
19.09,68.73,21.3,20.07,57.88,7.33,43.84,lentil,27.04
20.06,131.37,205.0,20.23,96.54,5.84,113.9,apple,65.09
24.08,46.68,19.34,25.45,97.94,6.25,52.05,mungbean,24.32
19.67,15.51,26.89,25.76,99.3,6.32,189.76,coconut,75.96
77.14,48.9,37.17,22.57,78.89,6.23,235.52,rice,53.89
74.16,37.01,21.94,22.91,77.9,6.75,78.0,maize,66.28
17.88,31.25,30.65,31.0,53.91,5.43,73.9,mango,72.45
20.18,22.19,36.3,20.12,92.82,6.5,103.76,pomegranate,32.08
117.82,42.76,21.38,26.7,77.97,6.81,72.74,cotton,41.8
18.41,72.04,18.88,19.01,67.79,6.61,46.23,lentil,25.81
101.54,18.52,39.1,26.74,99.28,6.77,27.17,muskmelon,101.51
22.18,24.53,13.85,21.67,87.49,6.56,122.93,orange,66.01
21.65,135.64,198.67,24.31,84.29,5.79,49.87,grapes,100.05
16.9,47.75,20.33,25.39,52.37,6.81,42.26,mothbeans,22.46
111.83,26.01,28.84,22.81,60.92,7.14,145.65,coffee,21.84
19.3,64.18,15.78,17.7,17.65,4.5,100.96,kidneybeans,27.51
18.84,60.4,21.41,18.46,18.9,5.65,104.32,kidneybeans,29.0
74.89,80.0,54.61,27.13,82.45,5.2,117.26,banana,194.11
104.55,52.79,42.11,28.16,88.46,6.88,61.59,watermelon,122.3
14.92,58.8,20.56,23.6,61.46,6.65,50.73,lentil,27.03
22.06,68.1,17.23,21.91,64.14,6.87,37.9,lentil,26.63
101.86,29.43,29.98,28.35,65.95,6.98,123.9,coffee,23.3
24.07,61.88,16.15,27.57,49.36,5.99,166.88,pigeonpeas,27.51
41.43,55.34,50.72,27.09,95.88,7.01,112.81,papaya,138.86
61.43,57.42,48.56,33.18,90.98,5.68,149.73,papaya,142.99
17.65,22.35,10.48,20.19,89.28,7.36,97.51,orange,61.38
21.59,50.16,21.02,29.04,82.67,6.77,62.64,mungbean,25.6
71.1,52.2,20.23,22.21,59.54,5.31,83.39,maize,68.3
105.67,13.67,47.68,26.82,85.82,6.92,23.22,muskmelon,99.39
22.01,28.68,32.69,31.83,41.62,5.67,103.88,mango,61.58
71.03,50.25,37.35,23.62,76.89,6.8,210.2,rice,57.87
40.37,68.99,16.47,29.81,70.47,6.75,54.95,blackgram,26.64
79.58,45.21,39.17,21.65,81.98,6.43,228.78,rice,54.53
79.43,44.62,16.12,24.77,64.44,5.99,105.04,maize,68.83
27.57,125.53,186.88,20.48,77.92,5.68,80.97,grapes,94.74
19.85,73.78,21.33,25.64,60.51,6.91,54.78,lentil,27.93
79.21,46.8,36.93,24.3,79.51,6.12,184.31,jute,49.84
122.73,40.39,17.54,20.04,90.9,6.57,93.1,cotton,39.16
88.98,26.66,29.16,23.69,56.15,6.52,157.04,coffee,22.83
96.08,82.55,60.95,26.31,77.78,5.95,103.57,banana,193.81
18.01,30.15,27.93,30.07,47.62,5.99,86.21,mango,80.36
92.36,58.14,55.99,26.28,80.54,6.51,52.0,watermelon,135.34
24.29,16.5,12.16,24.54,94.74,6.76,102.04,orange,63.93
103.65,53.55,48.9,25.65,81.54,6.22,62.55,watermelon,125.41
21.07,52.58,19.23,28.09,49.66,6.43,51.54,mothbeans,21.94
23.41,64.98,18.93,26.55,47.89,5.39,154.69,pigeonpeas,27.34
119.47,43.67,19.51,22.22,78.03,6.96,101.0,cotton,42.68
123.06,51.44,21.26,25.18,75.13,7.07,85.34,cotton,41.48
20.64,127.43,201.27,20.51,91.49,5.86,115.91,apple,60.87
18.69,60.77,16.9,23.11,29.88,5.04,93.45,kidneybeans,32.21
119.94,44.79,18.12,22.73,74.49,7.49,72.52,cotton,41.89
19.8,31.57,29.61,30.82,50.1,6.21,89.24,mango,61.06
75.4,47.4,37.14,23.94,85.18,6.5,237.11,rice,51.98
20.98,124.75,189.13,20.23,92.88,5.56,95.6,apple,57.82
19.48,123.47,200.02,21.92,82.83,6.07,41.6,grapes,91.98
20.49,139.3,201.46,17.63,91.13,5.73,105.38,apple,66.23
46.84,65.58,20.35,30.73,65.36,6.01,56.09,blackgram,23.88
16.11,14.95,46.01,21.94,87.79,6.18,124.58,pomegranate,28.51
46.63,56.02,48.16,33.7,89.65,5.93,144.1,papaya,132.74
88.05,40.85,21.04,23.71,71.18,5.56,90.34,maize,66.11
27.4,11.47,29.85,23.71,93.63,5.69,197.0,coconut,91.22
20.91,31.77,26.31,33.83,46.45,5.61,103.73,mango,71.6
19.71,136.94,205.0,19.54,90.11,5.77,110.17,apple,68.7
27.56,134.69,193.58,21.08,76.62,5.34,61.32,grapes,97.61
16.49,19.07,8.2,18.6,91.35,7.3,100.81,orange,56.63
14.13,18.67,39.09,21.43,86.77,6.4,108.86,pomegranate,29.38
12.54,62.99,19.36,28.21,53.2,5.64,157.74,pigeonpeas,26.4
20.9,21.54,44.09,18.69,91.93,6.21,113.5,pomegranate,27.59
109.3,94.46,51.89,27.34,84.84,6.32,88.2,banana,211.51
111.29,83.69,39.78,27.3,77.45,6.09,123.18,banana,202.51
21.24,45.14,20.56,25.13,50.11,7.27,43.4,mothbeans,21.12
39.3,66.77,19.73,29.27,71.89,7.86,62.3,blackgram,28.17
22.85,51.24,20.06,33.84,81.31,6.34,46.78,mungbean,27.63
38.66,71.0,75.33,23.29,20.24,7.16,60.89,chickpea,31.96
40.61,72.11,15.69,29.21,67.51,7.85,66.16,blackgram,24.94
103.76,25.23,31.58,25.85,60.26,6.96,165.88,coffee,23.33
116.4,49.92,22.57,24.31,81.16,6.7,76.3,cotton,39.46
20.62,23.51,29.45,31.63,45.82,6.06,104.38,mango,63.97
47.0,54.04,50.51,31.2,90.24,6.47,136.29,papaya,146.73
22.95,15.27,9.1,20.27,97.12,7.15,101.09,orange,59.95
111.71,59.24,23.18,18.44,78.44,6.48,91.21,cotton,42.32
16.12,18.73,38.2,19.94,97.41,6.55,109.61,pomegranate,29.43
24.5,123.4,197.95,25.83,84.27,6.43,62.11,grapes,109.01
100.72,99.96,49.02,27.7,78.48,5.91,115.32,banana,192.21
84.28,51.23,23.15,20.75,57.99,6.54,81.13,maize,68.03
19.68,16.12,28.68,27.75,95.35,6.11,176.7,coconut,84.17
17.43,51.95,16.64,26.66,53.54,7.48,44.15,mothbeans,22.77
17.46,27.89,31.72,29.0,40.37,6.33,72.68,mango,72.33
21.39,29.45,36.16,33.21,46.74,5.48,69.48,mango,73.39
19.89,145.0,205.0,23.08,89.5,5.72,122.54,apple,60.73
109.42,18.58,51.13,32.67,96.45,7.03,20.44,muskmelon,102.89
18.32,66.92,20.42,23.82,70.05,7.14,42.66,lentil,26.92
18.05,14.14,38.06,19.04,98.18,6.62,107.84,pomegranate,30.73
89.66,83.58,66.89,28.17,76.85,5.73,107.96,banana,169.89
22.13,127.21,192.21,18.34,91.45,6.21,96.36,apple,55.15
17.83,17.22,12.03,19.9,96.31,6.67,114.11,orange,59.98
45.4,56.07,48.66,29.1,88.84,6.5,136.7,papaya,132.66
20.11,75.97,19.05,25.37,65.9,6.4,43.84,lentil,27.12
118.4,49.34,23.83,23.22,75.33,6.51,73.83,cotton,36.85
106.37,31.5,27.5,24.9,60.31,6.38,167.93,coffee,22.26
24.42,14.61,34.61,26.42,91.71,6.64,171.43,coconut,78.12
17.18,67.92,19.77,25.79,59.4,6.37,52.77,lentil,27.5
21.56,130.59,185.82,18.19,96.06,6.01,111.32,apple,56.21
95.28,13.61,57.6,27.3,92.68,6.65,26.08,muskmelon,91.5
36.87,64.13,19.55,32.35,57.87,6.78,65.78,blackgram,26.01
38.7,65.69,19.53,25.25,65.97,6.77,56.03,blackgram,24.36
21.1,64.03,11.21,23.32,49.75,5.52,143.52,pigeonpeas,25.24
45.19,65.77,86.83,19.11,17.06,7.93,79.8,chickpea,28.95
83.93,50.31,41.85,21.85,81.25,5.52,220.44,rice,47.72
126.72,43.16,20.76,22.99,80.08,7.46,74.59,cotton,37.02
19.48,62.18,22.09,29.75,44.94,5.4,173.13,pigeonpeas,26.97
22.44,55.77,24.29,18.3,36.7,5.73,120.35,kidneybeans,28.37
75.41,45.74,15.33,18.61,76.6,5.67,83.55,maize,59.88
88.46,73.32,49.13,32.17,79.05,5.63,118.72,banana,199.81
75.6,50.54,42.05,19.91,76.54,6.75,147.68,jute,44.46
20.03,19.08,9.69,18.91,93.44,6.4,120.01,orange,66.19
58.84,54.9,53.53,30.42,91.95,7.27,118.24,papaya,124.73
18.88,13.25,29.13,25.39,92.69,5.9,150.96,coconut,85.13
17.9,46.02,15.42,25.28,61.39,6.96,49.41,mothbeans,20.76
77.89,50.15,39.76,25.3,82.11,7.23,225.06,rice,53.38
23.37,131.59,195.57,19.0,83.69,6.01,45.44,grapes,100.01
18.39,78.72,20.11,19.56,58.25,7.66,36.4,lentil,25.02
57.78,55.17,53.59,34.99,94.01,6.88,147.33,papaya,131.12
41.2,68.66,66.09,16.42,14.94,7.21,68.63,chickpea,30.25
43.99,64.85,68.9,16.45,15.44,8.11,79.66,chickpea,27.68
23.05,131.51,204.53,19.69,92.96,5.77,91.46,apple,64.76
91.3,56.59,55.34,25.11,84.88,6.26,50.51,watermelon,123.16
80.25,43.87,31.9,21.76,86.89,6.06,252.46,rice,53.94
50.48,61.28,52.84,34.24,90.12,6.61,145.45,papaya,131.01
17.94,46.51,18.99,27.82,86.36,6.72,57.72,mungbean,24.49
78.15,44.96,38.31,20.91,82.89,7.0,174.6,jute,42.7
44.91,53.74,50.28,35.83,97.76,6.51,164.65,papaya,130.65
17.8,19.83,40.78,20.94,75.6,6.09,110.92,pomegranate,30.62
22.43,136.97,201.7,20.61,88.86,6.01,114.58,apple,67.0
79.68,52.67,46.28,25.66,77.84,6.3,149.01,jute,46.36
38.64,63.86,15.32,31.49,69.1,7.12,60.44,blackgram,26.37
80.54,37.79,19.89,19.33,77.46,5.66,115.7,maize,54.68
12.78,12.57,39.01,22.34,91.58,6.01,109.81,pomegranate,30.09
17.36,67.39,23.27,28.28,49.04,5.84,128.06,pigeonpeas,27.07
98.98,18.22,47.44,29.57,94.71,6.11,27.1,muskmelon,111.11
16.96,41.5,20.3,31.6,88.92,7.0,62.09,mungbean,23.51
39.78,67.15,22.73,27.37,65.25,7.16,82.16,blackgram,26.89
90.38,43.32,36.06,25.93,83.6,6.21,174.72,jute,46.3
23.52,10.36,31.68,28.33,91.75,5.78,181.2,coconut,81.23
36.76,67.68,19.48,31.36,55.17,6.77,76.29,blackgram,27.56
106.4,50.62,13.03,22.98,76.59,7.28,98.84,cotton,40.53
101.08,58.79,39.58,27.45,83.5,6.39,49.41,watermelon,125.85
25.0,77.43,25.97,30.42,48.1,5.91,136.15,pigeonpeas,29.73
103.48,95.24,49.06,28.35,72.88,5.47,103.75,banana,216.44
21.86,135.36,196.29,24.65,90.38,6.09,133.11,apple,65.0
22.9,141.19,193.93,22.9,91.04,5.59,84.97,apple,67.19
19.53,69.42,12.85,26.39,62.01,6.37,48.8,lentil,24.25
48.84,61.82,48.96,31.71,92.81,7.46,107.6,papaya,153.93
23.96,51.25,13.69,31.35,86.45,6.1,45.94,mungbean,26.13
83.16,47.52,25.21,22.3,63.53,6.01,77.28,maize,67.95
18.43,62.09,20.62,27.85,47.58,6.72,147.14,pigeonpeas,26.4
93.75,34.33,28.42,28.88,59.71,6.71,144.35,coffee,24.39
21.44,15.89,12.12,17.06,100.0,7.61,121.91,orange,66.26
15.5,16.48,42.49,19.83,89.83,6.97,115.7,pomegranate,31.11
19.21,49.58,22.2,28.8,96.91,6.6,42.19,mungbean,25.17
105.36,30.47,29.1,23.99,57.89,6.51,123.53,coffee,22.41
82.08,40.94,37.51,22.13,84.64,6.06,244.89,rice,48.21
11.24,69.96,22.32,22.99,77.65,6.75,37.1,lentil,28.27
17.11,16.05,35.66,27.72,96.23,6.01,174.41,coconut,73.81
99.46,34.87,32.37,24.19,53.57,5.91,133.41,coffee,21.66
44.51,60.22,16.06,30.62,69.27,6.75,71.02,blackgram,26.92
16.54,78.36,19.45,27.67,53.67,5.4,155.44,pigeonpeas,29.44
19.92,135.2,205.0,26.35,78.37,5.87,70.18,grapes,111.62
104.06,56.57,48.57,23.58,83.89,6.07,63.78,watermelon,133.59
22.82,13.84,11.02,21.95,87.19,6.67,103.11,orange,66.83
76.21,46.89,44.54,24.65,78.63,6.38,234.89,rice,53.58
19.16,63.97,23.25,21.15,14.0,5.8,117.5,kidneybeans,33.14
35.28,67.41,78.84,19.91,14.0,6.42,68.36,chickpea,28.64
106.88,29.16,31.23,26.82,63.14,6.77,162.26,coffee,23.03
109.32,92.48,54.18,28.14,82.41,6.39,93.22,banana,213.26
21.59,29.68,28.96,27.38,51.68,6.41,94.46,mango,68.54
98.27,16.77,49.9,26.72,93.1,6.39,27.99,muskmelon,111.66
24.78,14.04,10.02,22.53,92.5,7.06,98.38,orange,66.33
75.34,42.13,37.98,23.89,82.08,6.85,185.01,jute,44.24
79.9,52.04,35.21,22.94,79.06,6.83,207.03,jute,49.79
110.27,12.98,47.09,30.51,96.47,6.66,27.34,muskmelon,114.82
17.53,38.6,14.54,26.73,92.87,6.42,45.71,mungbean,23.78
116.78,38.49,18.95,21.96,81.93,5.94,76.86,cotton,38.53
21.49,133.39,191.15,22.48,96.58,5.23,119.03,apple,63.22
108.57,25.1,21.73,26.77,51.51,7.37,160.24,coffee,23.23
21.91,56.57,17.86,31.46,89.55,5.83,45.92,mungbean,27.02
20.91,73.78,17.97,22.47,61.23,7.37,48.79,lentil,27.36
97.6,16.89,48.79,26.82,93.29,7.09,20.0,muskmelon,103.01
81.16,50.24,18.89,21.35,64.72,6.09,93.08,maize,66.92
19.14,74.64,15.76,26.8,62.31,6.78,33.99,lentil,27.72
26.47,12.55,32.48,30.59,96.77,5.94,178.74,coconut,85.72
45.27,71.76,77.5,24.28,19.5,7.17,68.79,chickpea,31.57
18.89,65.52,23.21,18.94,19.8,6.29,110.36,kidneybeans,31.81
95.52,36.45,28.22,24.54,60.66,6.08,130.75,coffee,22.37
118.03,84.08,45.18,26.66,82.04,6.16,97.61,banana,177.12
19.26,46.51,21.68,30.01,56.04,6.53,48.52,mothbeans,22.85
97.28,55.06,48.19,21.21,83.87,6.2,49.51,watermelon,113.55
110.76,81.04,51.2,28.54,81.18,5.99,93.26,banana,206.73
33.08,68.03,17.04,29.68,69.34,7.04,77.67,blackgram,25.12
96.1,27.91,26.04,23.91,65.65,7.11,171.48,coffee,22.11
28.61,65.79,18.16,29.9,48.09,6.01,138.35,pigeonpeas,29.34
81.67,55.14,33.21,24.85,81.05,6.54,179.42,jute,49.97
36.31,69.58,22.68,33.21,68.61,7.45,75.73,blackgram,28.04
24.51,131.06,202.68,18.31,82.8,5.43,55.68,grapes,109.13
21.86,132.05,189.84,22.92,81.44,5.63,69.55,grapes,97.31
49.54,49.66,52.4,33.49,93.61,6.84,139.99,papaya,147.46
18.05,26.63,32.64,31.03,42.35,5.15,96.38,mango,80.76
16.73,47.45,22.53,27.79,47.57,7.33,64.81,mothbeans,22.79
79.41,52.61,42.75,21.77,81.25,6.13,273.64,rice,49.87
18.26,53.82,16.72,20.39,18.13,6.07,98.33,kidneybeans,28.61
27.77,133.33,186.39,21.2,76.69,6.12,72.92,grapes,109.13
91.43,56.52,56.92,22.14,84.6,5.93,49.93,watermelon,124.95
16.76,12.03,11.71,22.97,94.59,7.51,125.01,orange,68.0
113.38,50.22,18.51,21.67,77.78,5.97,87.71,cotton,39.64
25.25,63.45,25.43,20.83,22.18,6.1,112.32,kidneybeans,33.55
13.92,59.27,24.04,30.72,45.83,5.47,141.08,pigeonpeas,28.93
22.16,76.04,16.82,27.39,53.1,5.5,126.85,pigeonpeas,27.43
36.99,67.95,74.69,16.76,14.0,6.9,72.34,chickpea,28.04
16.87,15.73,40.39,25.81,75.25,5.97,104.86,pomegranate,30.88
30.2,121.0,193.99,22.53,79.98,4.81,69.87,grapes,105.58
25.58,14.57,28.18,26.16,90.65,6.31,188.18,coconut,85.27
103.45,70.41,53.21,32.4,84.03,6.13,111.98,banana,192.26
19.95,17.31,43.04,20.97,81.46,7.43,96.37,pomegranate,31.93
77.03,42.02,43.4,25.75,79.42,6.53,248.32,rice,50.15
97.5,88.64,44.61,25.72,77.49,5.66,74.89,banana,217.49
107.58,78.74,42.62,26.23,79.7,5.61,118.45,banana,192.3
99.17,81.57,54.02,30.15,79.55,6.67,111.36,banana,198.59
121.29,43.72,17.07,21.43,81.33,6.54,92.22,cotton,41.07
109.24,59.46,55.67,24.63,82.44,6.28,50.55,watermelon,124.82
14.93,49.85,22.67,30.06,85.4,6.8,47.97,mungbean,26.06
22.3,29.05,33.44,31.84,54.43,6.21,111.27,mango,75.57
15.53,22.17,37.94,17.85,94.13,5.96,122.97,pomegranate,29.58
96.32,14.96,46.29,28.24,93.57,6.57,23.04,muskmelon,98.51
22.53,13.36,11.07,22.47,92.06,7.22,113.41,orange,58.82
83.95,55.22,20.78,19.35,66.87,6.38,116.22,maize,64.55
101.33,82.48,55.16,26.92,84.26,6.04,90.83,banana,215.07
80.37,43.2,39.19,24.5,83.34,6.48,210.7,jute,46.74
112.85,29.88,30.06,25.06,65.74,6.99,166.84,coffee,24.16
39.33,67.47,17.95,28.21,64.8,7.61,64.85,blackgram,26.18
22.9,49.11,26.28,28.31,47.03,6.98,49.15,mothbeans,23.25
114.96,14.71,56.43,29.99,87.16,5.63,33.38,muskmelon,107.11
43.88,63.98,24.46,31.12,62.26,7.24,86.67,blackgram,27.97
21.5,121.72,203.85,21.56,75.74,5.63,75.69,grapes,99.68
20.61,141.96,192.22,25.6,87.4,6.13,66.29,grapes,99.09
117.28,53.74,16.0,26.6,80.18,6.81,84.94,cotton,39.12
22.84,120.64,205.0,20.86,81.56,5.3,69.4,grapes,103.67
19.36,67.39,21.99,25.16,50.32,5.45,146.57,pigeonpeas,25.98
18.36,17.33,10.27,22.7,95.13,7.23,123.3,orange,61.33
20.29,48.34,17.34,29.36,56.31,7.16,44.58,mothbeans,23.5
22.16,32.53,30.89,30.65,49.67,5.83,91.99,mango,68.62
78.22,52.71,37.21,22.39,77.94,6.22,204.04,jute,43.36
20.8,29.48,32.0,33.75,47.93,5.36,92.0,mango,69.58
15.56,61.95,19.18,23.71,60.47,6.92,33.56,lentil,25.95
18.05,54.24,22.39,28.99,47.71,6.66,62.54,mothbeans,23.43
21.86,51.49,21.62,28.91,83.72,7.18,46.24,mungbean,25.61
55.71,56.9,57.42,36.56,89.57,7.17,123.34,papaya,142.14
19.43,11.63,10.13,20.19,95.47,7.02,114.13,orange,60.83
99.09,71.46,46.06,27.48,75.77,6.0,107.62,banana,180.45
24.13,14.13,34.61,27.83,91.48,5.94,184.92,coconut,73.31
25.61,27.71,31.27,32.32,45.97,5.93,92.92,mango,73.35
40.27,58.87,18.32,30.08,68.73,7.53,65.59,blackgram,23.66
79.34,51.04,18.05,26.81,61.63,5.47,85.68,maize,75.23
96.24,14.59,46.68,33.05,88.3,6.1,26.4,muskmelon,111.33
43.15,68.69,20.08,26.36,69.77,6.91,65.83,blackgram,24.81
79.71,51.59,39.31,23.03,84.94,6.91,211.65,jute,45.31
109.11,83.78,56.87,27.61,79.87,5.65,106.23,banana,212.37
15.6,17.12,9.93,21.01,88.06,7.51,98.31,orange,66.07
16.11,70.89,14.3,27.36,67.21,6.59,36.45,lentil,27.01
83.33,48.97,21.27,24.1,75.73,5.91,91.09,maize,77.15
22.61,46.22,22.13,28.27,82.94,6.05,43.97,mungbean,24.84
111.18,37.93,14.36,17.25,83.3,7.19,103.46,cotton,35.69
120.01,48.81,19.93,20.87,75.29,6.54,67.72,cotton,36.95
101.51,28.74,37.28,22.23,61.05,6.97,181.19,coffee,22.46
20.28,49.17,27.18,28.1,95.34,6.5,44.1,mungbean,28.51
19.37,65.83,21.88,19.61,25.92,5.81,113.31,kidneybeans,31.08
43.36,67.62,72.45,17.61,21.69,7.21,67.96,chickpea,28.06
27.03,41.44,16.64,27.98,79.33,7.06,60.2,mungbean,23.48
21.86,18.9,41.18,18.85,88.33,5.83,97.1,pomegranate,30.28
21.91,66.16,20.1,24.67,60.66,7.07,42.1,lentil,26.26
15.45,75.38,15.24,28.27,70.47,6.67,43.31,lentil,30.09
76.24,42.05,38.1,20.83,83.1,6.63,182.06,rice,52.77
92.37,59.06,45.4,27.7,87.44,6.7,51.59,watermelon,123.23
73.13,46.09,43.38,25.54,85.14,6.12,149.16,jute,46.6
16.07,18.23,36.9,22.22,87.61,6.18,119.72,pomegranate,29.84
21.11,64.96,19.09,25.74,67.76,7.03,51.6,lentil,28.74
51.3,62.82,16.27,24.69,67.26,6.57,57.18,blackgram,26.33
21.06,127.09,205.0,23.19,88.18,5.45,74.21,grapes,118.14
16.76,22.95,28.69,32.14,47.54,5.48,83.26,mango,64.97
77.6,46.35,34.49,22.97,80.65,6.14,244.27,rice,48.58
73.92,47.83,38.83,22.53,76.23,6.21,221.75,jute,45.09
105.72,70.75,45.99,27.28,79.32,5.79,110.03,banana,206.81
120.27,37.52,16.36,23.6,75.31,7.42,91.49,cotton,39.87
73.57,41.51,38.45,23.11,81.77,6.79,179.09,jute,46.62
37.57,58.99,68.51,19.29,15.59,7.76,62.29,chickpea,30.38
22.34,13.13,31.36,25.45,91.4,5.64,209.42,coconut,75.57
21.98,50.31,20.03,27.92,84.12,6.38,42.89,mungbean,25.97
23.18,73.15,24.77,24.85,48.82,5.87,128.42,pigeonpeas,24.18
98.62,79.12,47.3,25.56,82.5,6.66,136.03,banana,175.99
109.09,91.17,53.91,25.14,73.79,5.51,110.35,banana,214.54
17.16,71.48,15.06,24.66,56.15,6.72,39.47,lentil,25.79
24.12,50.55,20.41,27.11,88.3,6.45,52.6,mungbean,26.61
49.68,47.9,44.79,32.2,91.81,6.85,133.1,papaya,133.89
25.02,61.57,18.13,20.5,20.62,5.09,111.68,kidneybeans,30.05
94.33,49.79,49.96,26.87,90.89,6.43,48.38,watermelon,127.53
19.76,19.55,30.29,27.95,94.6,5.88,178.49,coconut,78.98
17.25,65.73,19.98,17.2,19.72,6.0,88.23,kidneybeans,28.54
75.35,49.22,24.14,20.31,57.22,5.89,85.26,maize,72.9
18.5,28.0,29.42,29.97,56.65,6.04,90.42,mango,67.86
17.38,129.35,205.0,24.59,79.14,5.94,67.88,grapes,109.89
19.66,47.3,13.93,29.99,57.23,6.6,57.58,mothbeans,20.65
50.67,55.67,58.38,33.65,89.26,6.58,152.83,papaya,131.99
20.36,14.61,8.39,23.71,90.01,7.37,114.2,orange,61.23
80.94,48.0,34.96,23.47,81.81,6.43,272.98,rice,51.27
20.15,11.53,28.0,24.57,94.94,5.6,154.63,coconut,82.25
41.31,55.96,18.67,30.34,70.36,7.57,53.74,blackgram,25.01
13.98,74.28,16.71,22.64,65.55,6.9,39.12,lentil,26.53
109.22,54.6,50.89,24.39,88.93,6.26,42.53,watermelon,134.38
20.2,28.3,27.07,32.82,56.01,5.19,84.29,mango,64.45
20.83,25.91,27.31,28.49,48.77,5.67,112.2,mango,65.93
19.35,66.61,19.73,26.41,54.15,6.2,128.15,pigeonpeas,26.15
18.71,18.17,38.78,21.06,81.94,6.42,129.83,pomegranate,31.0
20.45,50.88,19.19,26.94,77.59,7.16,40.14,mungbean,25.37
21.02,64.54,23.99,20.6,22.15,5.64,111.96,kidneybeans,32.8
16.78,44.89,18.39,24.51,52.69,7.32,34.84,mothbeans,21.79
22.75,11.15,33.29,23.52,93.6,5.55,187.31,coconut,90.28
23.14,67.88,22.11,23.91,19.88,5.41,119.4,kidneybeans,31.93
70.53,50.01,40.33,22.8,82.2,6.7,240.48,rice,53.04
21.9,49.26,22.87,30.08,93.09,7.04,29.93,mungbean,27.07
71.67,53.2,42.54,22.78,82.22,6.42,202.9,rice,54.65
20.44,16.63,39.56,22.51,91.94,6.24,97.45,pomegranate,30.71
75.44,44.68,44.05,22.66,84.82,7.57,175.09,jute,45.54
22.5,67.79,23.37,23.55,64.94,6.45,38.11,lentil,27.42
18.96,49.23,15.88,26.47,48.5,7.37,53.85,mothbeans,21.79
22.49,68.81,20.38,26.88,54.41,6.34,119.47,pigeonpeas,25.02
21.32,19.91,38.29,22.97,86.79,6.43,114.19,pomegranate,32.57
20.34,49.35,18.96,29.01,51.64,6.78,41.24,mothbeans,22.82
45.51,64.41,18.1,28.11,78.21,7.14,57.97,blackgram,24.1
52.98,64.76,49.82,28.81,90.51,7.61,134.78,papaya,127.73
102.87,28.55,26.39,28.34,57.3,6.96,172.83,coffee,22.9
87.98,86.74,49.05,24.35,81.83,6.27,114.56,banana,179.69
21.87,29.4,28.5,30.08,44.68,6.06,114.98,mango,69.53
41.71,68.19,72.83,17.26,20.48,7.9,74.04,chickpea,30.65
108.84,19.72,49.83,27.38,90.95,6.55,29.45,muskmelon,110.85
21.01,26.1,33.22,29.37,46.86,6.23,87.65,mango,72.62
37.74,66.31,14.56,32.18,64.52,7.08,62.06,blackgram,26.78
113.42,13.61,57.65,30.12,89.75,6.36,29.35,muskmelon,105.67
19.14,67.7,15.21,26.21,48.24,6.32,161.74,pigeonpeas,25.61
85.1,47.59,18.35,25.28,71.14,5.71,91.79,maize,67.99
21.6,13.19,10.93,22.37,91.04,6.67,119.37,orange,55.96
18.04,19.99,39.87,18.74,90.57,6.79,108.77,pomegranate,32.04
21.11,13.52,12.42,20.32,95.55,6.93,117.79,orange,61.44
16.14,64.26,20.01,24.73,56.37,6.63,48.27,lentil,27.27
101.42,57.0,55.61,29.23,85.91,6.64,49.97,watermelon,135.56
20.72,45.0,16.3,26.63,79.63,6.7,54.25,mungbean,24.1
18.46,17.21,34.43,21.36,96.88,5.4,192.03,coconut,76.89
18.58,53.54,26.97,24.09,87.08,6.71,54.96,mungbean,24.18
20.5,13.55,33.74,29.33,88.55,6.65,172.82,coconut,84.41
24.16,45.15,22.79,28.45,54.94,6.91,51.28,mothbeans,23.76
19.1,51.18,21.48,32.2,47.22,6.67,49.74,mothbeans,23.69
49.85,62.59,50.56,36.11,98.45,7.2,154.26,papaya,130.64
15.77,18.85,28.13,26.57,88.42,6.3,162.61,coconut,78.89
80.89,42.33,39.05,22.53,82.35,6.01,250.52,rice,53.8
75.39,49.89,20.36,20.49,64.26,5.93,71.76,maize,74.26
106.19,58.77,59.82,24.64,90.08,6.24,62.64,watermelon,120.61
22.98,134.95,205.0,19.48,76.84,6.35,80.9,grapes,102.64
94.88,21.42,28.46,26.04,60.95,7.35,161.77,coffee,22.13
17.85,19.22,35.32,20.19,91.97,5.85,104.35,pomegranate,29.24
15.68,20.79,39.1,23.38,92.13,6.35,91.16,pomegranate,28.7
40.78,63.73,71.84,16.19,14.0,7.31,58.49,chickpea,29.83
82.1,49.04,19.79,22.21,66.94,6.23,78.38,maize,63.43
21.78,26.54,29.98,32.59,43.94,5.81,93.75,mango,69.94
16.12,14.08,37.59,19.49,95.97,6.13,92.67,pomegranate,31.66
21.81,43.61,20.2,29.85,86.39,6.82,61.8,mungbean,26.25
125.36,46.35,21.33,22.76,75.71,6.78,97.86,cotton,41.95
17.78,45.01,23.15,25.94,90.8,6.65,36.75,mungbean,23.57
90.63,51.93,18.95,22.36,65.67,6.34,93.67,maize,69.61
20.53,71.84,21.86,22.18,31.77,5.53,94.68,kidneybeans,34.04
25.03,69.53,22.45,25.05,46.14,5.73,169.9,pigeonpeas,24.84
81.82,49.98,39.8,20.46,79.52,6.2,168.66,jute,45.92
110.85,27.43,29.03,24.7,57.16,7.87,184.5,coffee,21.97
120.32,55.06,21.62,21.3,82.47,6.89,82.48,cotton,39.82
71.41,42.7,34.19,24.58,83.13,7.26,179.41,jute,41.17
112.59,44.2,19.3,22.89,74.72,6.93,88.86,cotton,38.48
23.09,40.44,18.55,30.26,43.25,7.04,28.3,mothbeans,23.64
88.1,59.5,56.89,21.19,78.96,6.63,40.54,watermelon,107.86
97.1,81.32,53.96,27.47,77.74,5.21,114.58,banana,208.44
23.51,65.6,22.93,25.34,49.37,5.07,163.25,pigeonpeas,26.98
80.36,50.28,23.52,26.5,67.1,6.2,89.57,maize,65.68
23.19,133.5,187.49,26.66,81.5,5.57,74.16,grapes,98.08
26.14,27.3,30.47,27.94,45.03,6.08,80.49,mango,68.32
72.92,46.86,36.91,24.02,86.65,6.6,238.19,rice,53.83
17.86,137.47,194.48,18.37,91.26,5.29,129.64,apple,62.79
95.05,83.58,47.34,27.5,77.37,6.06,104.19,banana,186.22
102.38,26.46,28.04,28.6,62.12,6.15,180.95,coffee,22.91
23.1,49.55,20.49,27.91,48.61,6.86,39.86,mothbeans,22.83
16.79,141.92,196.07,21.94,94.02,5.61,108.7,apple,68.01
20.39,46.79,19.58,27.63,76.86,5.98,40.71,mungbean,24.13
118.44,49.18,21.17,23.01,83.01,7.25,78.35,cotton,40.66
20.72,20.95,22.81,27.06,96.21,6.18,157.72,coconut,74.13
107.82,82.06,43.34,26.01,77.96,6.35,124.01,banana,186.14
128.37,41.3,17.18,25.93,68.47,6.54,81.07,cotton,42.98
20.05,137.71,205.0,19.32,85.18,5.84,123.3,apple,66.3
25.36,23.83,34.61,20.57,86.64,5.98,113.53,pomegranate,29.23
108.3,24.22,32.65,27.51,54.62,6.41,146.0,coffee,24.25
41.3,70.8,75.45,19.72,14.0,7.85,63.19,chickpea,29.49
19.52,18.83,10.33,22.88,93.14,7.2,115.17,orange,72.09
37.02,65.71,22.24,26.57,65.44,6.91,56.66,blackgram,23.94
127.29,47.74,18.05,21.15,75.27,7.14,89.45,cotton,39.26
44.32,72.43,81.65,16.16,16.74,7.52,86.21,chickpea,30.88
72.09,43.04,40.26,24.74,79.11,5.75,216.21,rice,52.65
78.7,48.55,40.79,22.52,75.18,6.1,172.2,jute,49.78
51.17,45.97,44.66,33.21,92.69,6.62,175.17,papaya,138.34
16.24,66.26,16.17,25.38,50.85,5.74,154.7,pigeonpeas,24.98
84.34,29.97,32.72,22.64,59.28,6.9,131.85,coffee,21.3
92.11,58.99,56.06,21.52,90.26,6.75,27.42,watermelon,132.2
43.41,76.19,79.11,21.92,14.03,7.59,83.08,chickpea,32.19
67.24,45.71,40.75,22.52,77.86,6.25,237.47,rice,55.8
17.69,9.09,7.73,18.43,94.18,6.59,110.04,orange,68.32
43.75,62.12,17.3,26.01,60.69,7.2,78.07,blackgram,24.62
106.31,81.85,43.25,27.66,76.6,6.67,81.36,banana,186.88
109.98,58.44,52.61,25.09,82.29,6.82,55.49,watermelon,130.74
21.94,67.66,19.34,28.81,50.69,5.58,163.94,pigeonpeas,29.27
120.94,46.36,18.71,23.56,80.22,6.44,68.11,cotton,42.88
82.02,49.92,37.12,20.93,80.78,6.71,185.5,jute,44.75
96.28,29.73,29.69,24.37,60.79,5.93,143.4,coffee,21.55
24.83,47.28,21.52,28.43,91.82,6.09,52.43,mungbean,22.21
100.63,83.09,55.61,26.89,84.03,5.76,100.73,banana,190.9
18.04,41.4,21.15,26.68,89.19,7.01,48.52,mungbean,25.72
81.17,46.72,34.42,25.87,82.39,6.77,180.22,jute,46.68
26.08,136.76,189.11,22.63,78.14,5.6,80.87,grapes,111.91
15.19,29.86,25.55,33.8,63.84,5.64,107.55,mango,69.04
108.9,14.4,46.79,31.07,92.09,5.73,28.52,muskmelon,106.96
27.35,140.29,199.08,16.14,92.26,6.43,108.97,apple,62.59
99.85,46.09,15.79,23.36,77.56,6.78,70.64,cotton,38.63
99.49,64.71,55.94,23.88,82.73,6.13,41.57,watermelon,129.15
118.32,29.89,31.54,24.31,66.18,6.57,156.62,coffee,23.9
18.99,74.14,15.13,26.38,60.26,7.28,51.5,lentil,26.87
20.29,17.53,8.16,19.15,92.32,7.33,101.74,orange,65.86
79.01,51.21,22.32,17.0,67.79,5.99,83.34,maize,67.16
53.54,61.61,53.73,30.03,99.44,6.41,159.61,papaya,133.0
17.75,18.92,36.36,23.63,96.08,6.12,92.53,pomegranate,30.02
42.48,52.79,50.09,31.95,89.67,6.68,136.27,papaya,138.07
21.02,24.96,36.11,27.58,52.14,5.48,93.06,mango,72.43
15.53,67.63,19.58,26.17,74.17,6.65,34.62,lentil,25.96
40.05,60.88,43.41,32.91,96.46,5.91,148.19,papaya,127.94
124.09,49.23,19.78,22.55,72.01,6.42,79.8,cotton,41.45
15.27,62.96,16.31,24.65,61.33,7.3,60.42,lentil,25.06
124.05,45.74,17.94,23.38,77.21,7.2,88.92,cotton,39.24
16.78,12.16,41.6,20.07,88.43,6.63,102.22,pomegranate,30.22
21.93,13.05,27.76,28.09,95.8,5.24,131.52,coconut,79.07
74.81,41.74,21.48,20.72,55.03,6.27,87.89,maize,63.21
79.03,47.23,43.25,22.83,79.37,6.22,254.48,rice,53.88
75.9,54.63,37.56,23.61,79.6,7.68,166.12,jute,47.01
22.9,48.93,16.62,27.07,57.38,6.87,44.29,mothbeans,22.57
19.94,26.85,31.19,29.94,43.44,5.73,77.96,mango,68.39
26.37,128.12,193.61,24.74,73.91,5.91,63.42,grapes,105.27
105.27,50.38,18.16,25.17,80.22,6.79,85.52,cotton,42.06
22.48,16.55,35.67,26.19,92.92,5.77,161.2,coconut,85.08
75.69,54.39,18.06,21.72,67.72,5.62,93.63,maize,67.91
99.36,15.63,52.97,30.59,94.15,6.64,24.46,muskmelon,105.66
101.82,17.09,52.14,29.83,83.1,6.35,22.37,muskmelon,108.5
15.28,21.95,9.91,20.84,95.88,6.21,112.72,orange,72.49
23.58,57.4,18.63,26.63,55.1,7.31,44.63,mothbeans,23.36
22.39,47.95,18.68,27.97,87.08,6.79,48.84,mungbean,25.43
121.98,53.56,20.31,21.42,82.89,7.02,133.75,cotton,44.24
19.87,15.77,13.12,24.69,93.7,7.11,93.85,orange,65.48
19.14,28.04,24.52,30.22,44.47,5.98,95.95,mango,67.93
82.67,47.93,44.13,22.76,83.51,6.5,213.87,rice,56.92
75.22,49.76,21.19,17.69,69.17,5.1,105.43,maize,65.25
23.84,61.87,19.7,27.1,49.0,5.47,151.39,pigeonpeas,25.87
19.55,26.15,24.77,30.41,51.1,4.94,104.33,mango,67.73
46.5,76.5,82.05,15.75,14.0,7.56,76.56,chickpea,29.68
103.66,32.23,28.65,23.42,59.79,6.68,170.12,coffee,21.9
16.92,13.29,8.98,21.43,92.36,7.21,128.28,orange,50.94
20.8,23.74,26.89,32.36,54.69,5.84,98.51,mango,75.92
24.82,138.19,191.42,23.78,80.11,5.46,75.86,grapes,107.74
76.18,48.03,42.06,23.82,82.36,6.42,200.43,rice,47.08
96.98,76.67,47.47,28.73,77.69,5.73,104.86,banana,213.59
78.72,48.44,36.25,22.44,86.98,6.14,167.03,jute,47.21
100.84,81.15,47.41,28.31,77.0,5.74,132.67,banana,212.19
21.92,69.14,19.62,27.69,51.22,6.3,168.44,pigeonpeas,29.94
16.05,18.37,8.73,24.26,87.66,7.17,115.82,orange,63.88
38.59,57.85,84.51,16.69,14.79,7.39,72.88,chickpea,27.16
95.98,52.27,46.43,22.04,86.12,6.3,39.67,watermelon,115.19
20.99,65.48,21.99,27.08,61.4,7.21,64.98,lentil,28.06
70.26,43.55,39.99,24.83,80.77,6.09,178.47,jute,44.68
20.08,66.56,18.05,26.4,65.93,6.37,48.4,lentil,27.28
20.68,138.05,205.0,20.68,90.37,5.58,126.3,apple,64.85
108.99,28.55,30.51,29.68,58.8,7.48,137.35,coffee,22.88
19.96,52.66,15.2,27.86,80.36,6.78,48.27,mungbean,24.52
20.79,69.16,17.65,19.41,16.61,5.24,80.4,kidneybeans,31.86
81.52,42.94,35.79,22.1,72.71,6.64,177.32,jute,44.3
54.45,56.34,46.68,35.22,88.19,6.63,142.93,papaya,131.01
31.51,67.38,83.76,19.04,17.56,7.5,85.36,chickpea,27.55
21.49,19.4,14.14,21.69,95.93,7.4,95.8,orange,66.18
103.18,57.73,52.24,21.04,84.74,5.96,38.01,watermelon,125.35
101.31,27.13,51.86,29.25,91.37,5.91,34.38,muskmelon,100.75
74.88,46.79,18.12,20.02,66.65,5.41,88.71,maize,66.43
109.72,39.92,16.36,20.54,86.64,6.82,86.28,cotton,41.27
22.64,74.25,20.16,27.64,43.28,5.49,132.54,pigeonpeas,27.7
106.5,51.79,19.05,23.16,77.23,7.58,76.62,cotton,40.78
23.61,18.39,30.99,27.11,87.79,5.7,176.16,coconut,86.86
17.58,49.35,21.5,26.85,84.49,6.28,44.18,mungbean,26.63
17.06,61.4,17.0,24.07,68.33,6.88,39.44,lentil,26.08
83.82,28.42,29.18,27.01,59.48,6.58,161.25,coffee,22.91
18.79,47.76,23.23,23.93,50.53,7.46,49.01,mothbeans,22.43
76.95,45.98,34.05,22.12,72.61,6.72,182.08,jute,49.08
104.75,41.33,20.61,22.7,75.32,7.26,79.92,cotton,37.83
18.48,13.87,40.81,18.03,83.57,6.65,109.29,pomegranate,29.54
18.12,71.31,17.23,29.48,55.38,5.87,151.15,pigeonpeas,30.09
24.64,16.63,28.44,28.26,95.42,5.39,159.76,coconut,83.26
37.86,64.11,43.96,33.42,90.43,6.76,147.27,papaya,126.76
80.64,46.89,41.83,25.42,85.13,6.43,192.3,jute,44.76
20.25,31.44,28.44,31.09,56.39,5.78,113.91,mango,68.91
79.45,40.37,21.96,19.81,65.17,4.72,78.66,maize,60.46
78.09,50.75,39.13,25.86,80.17,6.73,163.87,jute,45.38
117.0,38.26,14.37,22.39,75.9,6.33,103.71,cotton,37.65
107.59,65.15,47.0,29.01,87.38,6.69,54.27,watermelon,126.44
20.67,68.08,20.59,27.09,59.25,5.43,130.74,pigeonpeas,29.09
106.34,30.72,35.82,24.82,61.3,6.17,175.23,coffee,23.35
20.16,21.93,35.78,22.71,94.33,6.52,94.99,pomegranate,32.5
105.16,27.68,30.73,26.32,50.39,7.33,214.74,coffee,23.82
19.58,49.01,18.73,25.74,95.11,6.59,47.37,mungbean,25.88
44.74,54.99,52.32,32.4,91.7,6.25,140.01,papaya,138.26
96.02,50.96,45.64,26.76,87.75,7.23,42.08,watermelon,114.5
23.52,60.22,23.07,29.39,50.56,6.13,145.77,pigeonpeas,28.38
98.19,60.56,42.36,24.68,82.48,7.39,68.37,watermelon,132.69
80.92,55.52,23.09,20.04,55.82,6.65,67.98,maize,67.9
20.36,27.55,29.82,30.04,45.04,6.1,88.37,mango,74.25
19.32,125.99,198.24,23.09,84.06,5.79,81.75,grapes,105.29
24.28,48.07,17.8,25.85,79.87,6.4,47.36,mungbean,24.52
79.91,47.5,19.88,22.25,59.93,6.6,69.44,maize,65.29
40.33,60.83,17.59,29.05,70.1,6.75,64.42,blackgram,24.57
23.92,130.94,198.43,16.29,89.67,5.62,113.29,apple,62.0
117.23,42.93,17.04,25.72,84.71,5.76,79.62,cotton,36.43
22.1,19.19,41.18,22.33,86.78,6.91,104.13,pomegranate,29.3
78.73,51.2,14.01,23.1,63.55,5.51,99.5,maize,76.99
24.12,15.97,12.47,22.0,96.61,7.95,115.87,orange,68.67
17.0,60.28,18.85,23.47,64.05,6.63,41.44,lentil,24.92
17.59,19.96,31.86,25.61,92.25,6.15,203.55,coconut,76.84
38.27,63.54,74.16,18.81,14.2,7.3,77.63,chickpea,29.88
34.62,70.36,78.34,19.42,14.0,6.75,64.92,chickpea,28.33
42.78,70.13,17.03,30.7,60.82,7.55,68.73,blackgram,25.93
20.56,68.69,21.47,29.36,44.88,6.23,128.17,pigeonpeas,26.53
89.49,48.66,19.93,23.28,68.17,5.96,80.62,maize,67.85
24.3,139.94,205.0,27.65,77.87,5.86,53.92,grapes,108.21
37.42,70.17,74.75,20.35,14.0,6.95,80.2,chickpea,29.34
99.62,14.42,47.11,25.63,96.64,5.7,28.12,muskmelon,94.93
17.02,72.1,17.82,25.02,59.12,7.09,54.57,lentil,27.61
39.25,71.88,86.59,18.75,16.0,6.66,64.01,chickpea,28.84
101.03,18.55,50.09,30.74,93.83,6.45,25.52,muskmelon,117.52
48.88,52.44,55.14,32.41,86.85,6.29,143.59,papaya,125.32
22.98,14.37,11.27,19.04,95.23,6.91,114.18,orange,61.75
41.47,66.74,23.09,29.81,62.06,6.52,61.68,blackgram,25.86
54.79,60.76,45.39,32.14,88.0,6.89,137.1,papaya,133.35
102.02,27.84,26.41,25.85,55.26,7.13,150.53,coffee,22.92
13.99,25.36,28.99,32.15,43.43,5.87,97.76,mango,69.77
18.49,19.13,14.34,21.27,91.75,6.5,113.44,orange,64.72
121.72,17.4,33.39,28.58,89.78,6.61,33.4,muskmelon,123.13
18.35,72.48,21.01,19.03,14.0,5.04,102.77,kidneybeans,29.53
23.94,126.54,191.72,22.6,82.83,5.21,76.99,grapes,108.55
50.0,58.49,50.23,33.08,88.99,6.47,140.88,papaya,127.13
13.48,66.6,17.36,20.12,65.11,6.5,47.0,lentil,24.92
13.94,126.74,193.87,20.8,94.81,6.1,111.88,apple,67.21
20.23,46.18,14.92,29.07,80.79,6.87,43.93,mungbean,27.0
78.17,45.32,42.24,22.16,80.2,7.16,217.56,rice,55.51
22.01,50.23,17.7,26.31,88.48,5.94,31.44,mungbean,24.25
16.96,18.9,13.73,21.17,85.51,6.92,77.16,orange,59.82
22.09,134.68,205.0,23.38,76.44,5.79,55.08,grapes,112.66
71.79,43.23,32.6,25.82,82.68,6.66,194.23,jute,48.87
18.21,141.56,205.0,22.25,89.14,5.9,107.2,apple,60.13
23.41,18.58,25.77,23.99,92.29,5.6,170.95,coconut,85.02
18.36,24.03,30.1,30.61,52.68,6.36,96.37,mango,66.63
109.14,27.83,29.6,25.12,59.22,6.69,186.15,coffee,24.15
17.99,14.12,8.85,24.43,92.51,6.7,123.49,orange,68.39
98.61,41.39,22.31,25.11,84.87,6.6,70.07,cotton,40.85
15.95,48.24,15.98,28.03,87.09,6.33,43.02,mungbean,25.61
21.43,46.41,16.79,28.74,88.0,7.37,49.29,mungbean,25.19
17.47,128.03,196.15,20.93,74.27,5.65,66.38,grapes,89.58
21.02,55.9,20.25,21.77,22.47,5.97,71.01,kidneybeans,29.97
18.31,45.46,23.37,29.49,89.1,5.9,51.56,mungbean,24.12
99.25,12.73,41.6,29.94,94.93,6.09,20.0,muskmelon,101.96
92.16,17.17,43.87,26.56,89.13,6.06,21.88,muskmelon,119.86
40.15,76.49,18.31,27.2,60.81,6.81,61.4,blackgram,25.79
25.96,123.12,188.01,24.05,82.09,6.19,79.42,grapes,97.71
49.16,54.39,53.33,31.03,89.03,6.52,144.69,papaya,149.54
20.71,16.82,35.05,19.72,91.34,6.38,141.38,pomegranate,28.88
100.97,55.04,52.31,25.06,82.7,6.17,47.27,watermelon,130.39
107.25,17.66,49.2,29.11,86.43,6.64,25.0,muskmelon,109.81
103.89,15.53,48.43,30.37,88.16,6.85,30.37,muskmelon,100.14
93.57,17.36,47.62,24.73,90.11,5.65,23.34,muskmelon,102.42
74.49,48.46,43.51,23.56,78.98,5.8,159.12,jute,49.68
22.85,129.81,192.77,20.86,91.18,5.91,95.8,apple,65.54
15.64,20.8,12.3,23.26,92.5,6.65,97.71,orange,62.64
92.09,62.05,45.75,23.84,81.75,6.23,57.61,watermelon,116.19
98.74,25.67,31.42,26.46,54.03,6.55,152.09,coffee,22.74
108.19,30.36,31.7,28.94,63.99,7.18,148.58,coffee,25.14
19.45,19.83,8.05,22.03,85.95,6.93,115.07,orange,69.16
90.58,78.73,44.72,25.89,81.82,5.6,111.74,banana,204.6
42.1,66.47,22.02,29.34,68.69,7.04,74.79,blackgram,27.25
18.19,135.39,193.64,20.67,94.24,6.2,111.4,apple,61.85
17.18,18.82,31.84,28.06,94.97,5.5,171.21,coconut,93.3
51.99,56.73,49.81,32.96,89.34,7.06,152.85,papaya,153.0
18.84,29.48,30.91,31.67,53.51,5.4,98.3,mango,72.49
92.07,77.43,51.34,25.81,86.36,6.37,106.52,banana,217.92
21.61,50.48,14.47,29.88,46.22,6.48,57.51,mothbeans,23.25
22.48,17.57,12.04,20.82,89.51,7.55,115.2,orange,55.74
54.75,51.56,47.93,34.65,89.82,7.0,157.43,papaya,139.3
107.88,48.27,16.54,20.78,79.15,6.72,63.42,cotton,41.52
70.22,48.54,37.23,22.3,83.62,6.2,229.81,rice,56.14
80.92,88.84,41.74,22.98,81.15,5.81,95.52,banana,191.56
21.96,40.65,19.12,30.39,58.81,6.99,47.23,mothbeans,23.38
19.8,75.36,10.88,27.33,66.28,6.76,46.82,lentil,25.85
94.84,16.39,47.04,29.11,95.55,5.95,25.2,muskmelon,109.11
17.75,6.01,31.73,25.95,96.99,5.77,173.75,coconut,69.95
99.33,72.3,58.08,27.3,79.9,6.03,111.11,banana,219.03
40.49,70.36,80.6,14.86,16.0,6.94,87.84,chickpea,30.11
18.52,66.79,19.88,19.17,24.07,5.73,103.87,kidneybeans,35.56
18.11,67.33,19.72,23.94,67.05,6.47,54.44,lentil,25.97
19.16,68.06,16.06,16.43,27.9,5.2,112.0,kidneybeans,27.44
97.38,27.6,33.45,23.79,63.96,6.92,150.24,coffee,22.38
87.0,80.91,48.77,27.11,72.88,6.3,112.76,banana,202.76
94.16,16.52,49.88,30.17,93.52,6.49,28.81,muskmelon,110.23
23.95,15.72,37.58,17.93,95.49,7.03,131.65,pomegranate,28.34
22.11,145.0,179.79,21.59,96.44,5.47,111.64,apple,69.06
14.38,10.61,24.04,27.36,95.76,5.54,196.26,coconut,78.02
19.56,73.33,18.82,23.5,60.68,6.75,50.95,lentil,27.68
57.77,58.73,48.97,33.7,89.47,6.6,141.17,papaya,145.1
21.05,53.4,17.04,26.05,48.6,6.27,64.08,mothbeans,22.56
38.01,70.49,19.96,29.97,71.68,7.45,68.57,blackgram,26.32
20.62,15.24,27.36,26.02,93.32,5.88,166.2,coconut,92.91
39.27,68.75,90.41,19.39,14.0,7.45,91.04,chickpea,31.98
69.5,45.97,40.11,25.04,85.92,7.29,181.5,jute,45.5
52.58,56.99,55.88,33.83,94.06,6.76,133.8,papaya,150.49
15.98,68.4,20.29,19.88,22.17,5.92,107.81,kidneybeans,33.29
17.79,72.61,16.12,29.56,54.97,5.73,143.03,pigeonpeas,28.85
16.25,20.63,10.2,23.57,88.76,6.77,112.45,orange,70.49
17.93,64.71,19.27,18.89,14.0,5.94,114.12,kidneybeans,32.43
21.64,136.28,205.0,17.04,88.34,5.52,104.41,apple,60.22
18.72,27.77,31.2,32.34,53.06,5.79,93.85,mango,74.19
90.16,14.93,49.71,29.73,88.96,6.18,23.76,muskmelon,95.98
75.56,51.71,38.91,23.62,73.34,6.35,166.31,jute,45.68
15.0,24.18,29.79,32.99,47.82,5.4,87.49,mango,73.47
109.27,60.28,54.57,28.16,81.82,6.09,54.63,watermelon,135.55
83.88,50.85,38.99,24.04,81.66,6.88,221.74,rice,57.2
86.43,38.18,37.58,22.54,82.47,6.37,179.4,jute,46.14
13.53,26.08,29.68,30.81,55.72,5.8,102.01,mango,77.95
23.83,66.63,21.49,31.61,55.09,5.9,137.0,pigeonpeas,25.91
22.08,75.79,19.21,20.96,20.25,5.78,102.02,kidneybeans,33.23
34.09,59.98,13.62,26.25,76.94,6.49,71.08,blackgram,25.16
33.01,54.47,21.15,29.61,65.47,6.67,82.67,blackgram,25.24
99.34,91.6,62.3,24.27,80.61,5.91,107.49,banana,193.1
17.27,69.27,17.04,25.65,63.5,7.52,49.91,lentil,25.93
22.48,71.59,22.82,20.68,27.5,5.61,107.05,kidneybeans,30.62
94.14,75.92,57.43,26.62,79.74,5.53,87.03,banana,206.33
27.45,144.7,199.79,21.92,79.76,5.82,74.71,grapes,108.78
20.44,66.17,26.16,26.94,50.82,5.01,146.73,pigeonpeas,25.66
15.96,64.48,18.99,24.92,65.89,6.39,48.83,lentil,25.79
16.74,12.49,38.0,19.68,95.82,6.98,100.41,pomegranate,32.53
109.33,49.34,18.2,23.55,81.72,6.87,73.34,cotton,39.23
45.5,69.45,78.64,17.33,15.42,6.94,71.09,chickpea,28.27
70.42,54.65,11.45,26.58,65.38,6.29,70.31,maize,64.96
22.18,137.07,187.96,22.55,86.67,5.44,115.42,apple,64.0
39.14,67.29,17.77,28.7,60.29,6.65,90.92,blackgram,26.73
23.52,120.92,203.31,21.45,94.27,6.1,128.03,apple,63.84
16.26,27.38,27.96,32.99,50.1,6.04,119.32,mango,70.72
95.48,74.92,54.83,24.35,83.77,5.98,113.31,banana,199.85
24.67,145.0,205.0,20.85,91.59,5.92,132.04,apple,68.91
114.91,43.96,23.91,20.88,79.24,6.56,83.88,cotton,40.9
83.94,43.32,48.58,24.46,86.51,6.14,215.76,rice,57.19
40.08,60.49,16.06,27.72,61.15,6.99,68.85,blackgram,26.49
103.41,18.75,43.61,30.43,88.69,6.26,26.5,muskmelon,107.89
91.94,55.6,47.45,24.48,85.33,6.46,54.93,watermelon,123.98
94.47,28.02,31.87,28.35,66.95,7.35,133.57,coffee,22.44
93.23,56.24,41.42,28.2,83.69,6.62,59.06,watermelon,146.8
83.16,45.73,38.58,26.78,86.68,7.32,180.88,jute,46.22
45.65,66.16,67.71,17.22,14.36,7.32,78.84,chickpea,30.08
85.07,45.65,42.43,22.85,84.66,6.51,171.02,jute,51.01
21.52,45.43,18.73,30.06,83.35,6.62,39.5,mungbean,26.31
24.84,135.0,197.3,21.59,82.22,6.31,84.75,grapes,114.31
69.16,54.44,37.81,21.5,78.65,6.96,176.54,jute,44.73
13.47,44.04,13.78,27.75,82.0,6.59,38.2,mungbean,26.68
15.79,143.38,205.0,20.27,91.28,6.2,115.64,apple,64.75
21.85,132.51,201.17,22.98,82.73,5.95,67.75,grapes,108.01
23.03,17.35,25.66,26.28,91.38,5.84,151.84,coconut,88.12
18.15,46.93,22.28,28.55,57.22,6.54,46.48,mothbeans,23.22
83.54,48.13,19.41,20.06,54.24,5.62,100.15,maize,67.95
22.12,16.52,28.27,28.05,94.22,6.1,197.26,coconut,80.83
15.89,23.92,46.92,18.2,87.03,6.74,102.75,pomegranate,29.99
71.42,53.16,35.68,24.7,79.59,6.32,165.49,jute,51.25
95.77,81.99,54.03,27.19,87.65,5.25,84.75,banana,214.14
17.25,58.59,17.85,24.46,48.68,5.09,137.91,pigeonpeas,25.66
46.27,68.01,16.02,31.33,72.66,6.95,74.42,blackgram,28.27
77.65,43.36,32.53,23.89,87.27,6.62,245.43,rice,48.3
24.31,62.1,16.49,24.4,60.06,5.79,146.07,pigeonpeas,26.96
25.21,26.32,34.13,30.66,50.99,5.51,77.09,mango,76.65
23.46,20.59,35.8,21.53,88.67,6.55,96.74,pomegranate,33.47
24.22,131.47,202.05,23.58,81.17,5.95,59.35,grapes,110.69
18.44,139.75,195.67,22.51,91.54,5.88,118.87,apple,65.23
45.34,58.88,17.84,27.82,62.51,7.28,72.94,blackgram,25.21
19.33,10.29,9.16,26.88,92.23,7.08,120.59,orange,67.36
71.28,45.22,19.23,22.64,62.21,6.77,88.69,maize,67.35
102.73,25.7,30.19,25.71,55.04,6.83,154.13,coffee,22.85
97.53,12.71,48.13,27.13,97.86,5.67,23.34,muskmelon,85.47
21.69,69.37,20.89,22.46,14.18,6.05,75.14,kidneybeans,31.68
21.17,139.38,190.01,20.47,83.47,6.31,53.94,grapes,99.8
17.37,64.37,18.76,27.46,52.66,5.41,153.79,pigeonpeas,27.23
96.55,30.64,25.61,25.61,59.07,5.94,174.66,coffee,20.74
21.18,9.95,11.4,23.22,94.12,6.69,122.21,orange,59.98
121.09,87.99,55.14,28.79,82.97,5.82,115.87,banana,173.65
18.85,25.9,29.96,33.44,49.74,6.36,105.35,mango,75.02
22.31,127.27,198.64,25.39,80.55,5.77,70.03,grapes,109.4
16.86,66.49,21.5,25.64,60.87,7.35,56.75,lentil,27.11
